"STATION","NAME","DATE","DAPR","MDPR","PRCP","SNOW","SNWD","TAVG","TMAX","TMIN","TOBS","WESD","WESF"
"US1MTYS0005","BILLINGS 2.8 WNW, MT US","2021-01-01",,,"0.00","0.0","0.0",,,,,,
"US1MTYS0005","BILLINGS 2.8 WNW, MT US","2021-01-02",,,"0.00","0.0","0.0",,,,,,
"US1MTYS0005","BILLINGS 2.8 WNW, MT US","2021-01-03",,,"0.00","0.0","0.0",,,,,,
"US1MTYS0005","BILLINGS 2.8 WNW, MT US","2021-01-04",,,"0.00","0.0","0.0",,,,,,
"US1MTYS0005","BILLINGS 2.8 WNW, MT US","2021-01-05",,,"0.00","0.0","0.0",,,,,,
"US1MTYS0005","BILLINGS 2.8 WNW, MT US","2021-01-06",,,"0.00","0.0","0.0",,,,,,
"US1MTYS0005","BILLINGS 2.8 WNW, MT US","2021-01-07",,,"0.00","0.0","0.0",,,,,,
"US1MTYS0005","BILLINGS 2.8 WNW, MT US","2021-01-08",,,"0.23","1.0","1.0",,,,,,
"US1MTYS0005","BILLINGS 2.8 WNW, MT US","2021-01-09",,,"0.00","0.0","0.0",,,,,,
"US1MTYS0005","BILLINGS 2.8 WNW, MT US","2021-01-10",,,"0.00","0.0","0.0",,,,,,
"US1MTYS0005","BILLINGS 2.8 WNW, MT US","2021-01-11",,,"0.00","0.0","0.0",,,,,,
"US1MTYS0005","BILLINGS 2.8 WNW, MT US","2021-01-12",,,"0.00","0.0","0.0",,,,,,
"US1MTYS0005","BILLINGS 2.8 WNW, MT US","2021-01-13",,,"0.00","0.0","0.0",,,,,,
"US1MTYS0005","BILLINGS 2.8 WNW, MT US","2021-01-14",,,"0.00","0.0","0.0",,,,,,
"US1MTYS0005","BILLINGS 2.8 WNW, MT US","2021-01-15",,,"0.00","0.0","0.0",,,,,,
"US1MTYS0005","BILLINGS 2.8 WNW, MT US","2021-01-16",,,"0.00","0.0","0.0",,,,,,
"US1MTYS0005","BILLINGS 2.8 WNW, MT US","2021-01-17",,,"0.00","0.0","0.0",,,,,,
"US1MTYS0005","BILLINGS 2.8 WNW, MT US","2021-01-18",,,"0.01","0.0","0.0",,,,,,
"US1MTYS0005","BILLINGS 2.8 WNW, MT US","2021-01-19",,,"0.01","0.0","0.0",,,,,,
"US1MTYS0005","BILLINGS 2.8 WNW, MT US","2021-01-20",,,"0.00","0.0","0.0",,,,,,
"US1MTYS0005","BILLINGS 2.8 WNW, MT US","2021-01-21",,,"0.00","0.0","0.0",,,,,,
"US1MTYS0005","BILLINGS 2.8 WNW, MT US","2021-01-22",,,"0.00",,,,,,,,
"US1MTYS0005","BILLINGS 2.8 WNW, MT US","2021-01-23",,,"0.00","0.0","0.0",,,,,,
"US1MTYS0005","BILLINGS 2.8 WNW, MT US","2021-01-24",,,"0.00","0.0","0.0",,,,,,
"US1MTYS0005","BILLINGS 2.8 WNW, MT US","2021-01-25",,,"0.00","0.0","0.0",,,,,,
"US1MTYS0005","BILLINGS 2.8 WNW, MT US","2021-01-26",,,"0.00","0.0","0.0",,,,,,
"US1MTYS0005","BILLINGS 2.8 WNW, MT US","2021-01-27",,,"0.00","0.0","0.0",,,,,,
"US1MTYS0005","BILLINGS 2.8 WNW, MT US","2021-01-28",,,"0.00","0.0","0.0",,,,,,
"US1MTYS0005","BILLINGS 2.8 WNW, MT US","2021-01-29",,,"0.00","0.0","0.0",,,,,,
"US1MTYS0005","BILLINGS 2.8 WNW, MT US","2021-01-30",,,"0.01","0.1","0.1",,,,,,
"US1MTYS0005","BILLINGS 2.8 WNW, MT US","2021-01-31",,,"0.00","0.0","0.0",,,,,,
"US1MTYS0005","BILLINGS 2.8 WNW, MT US","2021-02-01",,,"0.00","0.0","0.0",,,,,,
"US1MTYS0005","BILLINGS 2.8 WNW, MT US","2021-02-02",,,"0.00","0.0","0.0",,,,,,
"US1MTYS0005","BILLINGS 2.8 WNW, MT US","2021-02-03",,,"0.02","0.0","0.0",,,,,,
"US1MTYS0005","BILLINGS 2.8 WNW, MT US","2021-02-04",,,"0.00","0.0","0.0",,,,,,
"US1MTYS0005","BILLINGS 2.8 WNW, MT US","2021-02-05",,,"0.00","0.0","0.0",,,,,,
"US1MTYS0005","BILLINGS 2.8 WNW, MT US","2021-02-06",,,"0.26","7.2",,,,,,,"0.6"
"US1MTYS0005","BILLINGS 2.8 WNW, MT US","2021-02-07",,,"0.14","4.5","10.5",,,,,"0.8","0.3"
"US1MTYS0005","BILLINGS 2.8 WNW, MT US","2021-02-08",,,"0.02","0.4","10.0",,,,,"0.8",
"US1MTYS0005","BILLINGS 2.8 WNW, MT US","2021-02-09",,,"0.03","1.0","8.0",,,,,,"0.1"
"US1MTYS0005","BILLINGS 2.8 WNW, MT US","2021-02-10",,,"0.01","0.5","8.0",,,,,,
"US1MTYS0005","BILLINGS 2.8 WNW, MT US","2021-02-11",,,"0.04","1.0","8.0",,,,,,"0.1"
"US1MTYS0005","BILLINGS 2.8 WNW, MT US","2021-02-12",,,"0.00","0.0","7.5",,,,,,
"US1MTYS0005","BILLINGS 2.8 WNW, MT US","2021-02-13",,,"0.00","0.0","8.0",,,,,,
"US1MTYS0005","BILLINGS 2.8 WNW, MT US","2021-02-14",,,"0.00","0.0","7.0",,,,,,
"US1MTYS0005","BILLINGS 2.8 WNW, MT US","2021-02-15",,,"0.00","0.0","7.0",,,,,"1.0",
"US1MTYS0005","BILLINGS 2.8 WNW, MT US","2021-02-16",,,"0.02","0.5","7.0",,,,,,
"US1MTYS0005","BILLINGS 2.8 WNW, MT US","2021-02-17",,,"0.02","0.0","7.5",,,,,,
"US1MTYS0005","BILLINGS 2.8 WNW, MT US","2021-02-18",,,"0.02","0.2","7.5",,,,,,
"US1MTYS0005","BILLINGS 2.8 WNW, MT US","2021-02-19",,,"0.00","0.0","7.0",,,,,,
"US1MTYS0005","BILLINGS 2.8 WNW, MT US","2021-02-20",,,"0.00","0.0","6.0",,,,,,
"US1MTYS0005","BILLINGS 2.8 WNW, MT US","2021-02-21",,,"0.00","0.0","6.0",,,,,,
"US1MTYS0005","BILLINGS 2.8 WNW, MT US","2021-02-22",,,"0.00","0.0","5.0",,,,,"1.0",
"US1MTYS0005","BILLINGS 2.8 WNW, MT US","2021-02-23",,,"0.16",,"1.5",,,,,,
"US1MTYS0005","BILLINGS 2.8 WNW, MT US","2021-02-24",,,"0.00","0.0","1.0",,,,,,
"US1MTYS0005","BILLINGS 2.8 WNW, MT US","2021-02-25",,,"0.02",,"0.0",,,,,,
"US1MTYS0005","BILLINGS 2.8 WNW, MT US","2021-02-26",,,"0.00","0.0","0.0",,,,,,
"US1MTYS0005","BILLINGS 2.8 WNW, MT US","2021-02-27",,,"0.00","0.0","0.0",,,,,,
"US1MTYS0005","BILLINGS 2.8 WNW, MT US","2021-02-28",,,"0.01","0.0","0.0",,,,,,
"US1MTYS0005","BILLINGS 2.8 WNW, MT US","2021-03-01",,,"0.00","0.0",,,,,,,
"US1MTYS0005","BILLINGS 2.8 WNW, MT US","2021-03-02",,,"0.00","0.0",,,,,,,
"US1MTYS0005","BILLINGS 2.8 WNW, MT US","2021-03-03",,,"0.00","0.0",,,,,,,
"US1MTYS0005","BILLINGS 2.8 WNW, MT US","2021-03-04",,,"0.00","0.0",,,,,,,
"US1MTYS0005","BILLINGS 2.8 WNW, MT US","2021-03-05",,,"0.00","0.0",,,,,,,
"US1MTYS0005","BILLINGS 2.8 WNW, MT US","2021-03-06",,,"0.00","0.0",,,,,,,
"US1MTYS0005","BILLINGS 2.8 WNW, MT US","2021-03-07",,,"0.00","0.0",,,,,,,
"US1MTYS0005","BILLINGS 2.8 WNW, MT US","2021-03-08",,,"0.00","0.0",,,,,,,
"US1MTYS0005","BILLINGS 2.8 WNW, MT US","2021-03-09",,,"0.01","0.1",,,,,,,
"US1MTYS0005","BILLINGS 2.8 WNW, MT US","2021-03-10",,,"0.00","0.0",,,,,,,
"US1MTYS0005","BILLINGS 2.8 WNW, MT US","2021-03-11",,,"0.00","0.0",,,,,,,
"US1MTYS0005","BILLINGS 2.8 WNW, MT US","2021-03-13","    2","0.00",,,"0.0",,,,,,
"US1MTYS0005","BILLINGS 2.8 WNW, MT US","2021-03-14",,,"0.00","0.0",,,,,,,
"US1MTYS0005","BILLINGS 2.8 WNW, MT US","2021-03-15",,,"0.00","0.0",,,,,,,
"US1MTYS0005","BILLINGS 2.8 WNW, MT US","2021-03-16",,,"0.00","0.0",,,,,,,
"US1MTYS0005","BILLINGS 2.8 WNW, MT US","2021-03-17",,,"0.00","0.0",,,,,,,
"US1MTYS0005","BILLINGS 2.8 WNW, MT US","2021-03-18",,,"0.00","0.0",,,,,,,
"US1MTYS0005","BILLINGS 2.8 WNW, MT US","2021-03-19",,,"0.00","0.0",,,,,,,
"US1MTYS0005","BILLINGS 2.8 WNW, MT US","2021-03-20",,,"0.03","0.0",,,,,,,
"US1MTYS0005","BILLINGS 2.8 WNW, MT US","2021-03-21",,,"0.71","0.0",,,,,,,
"US1MTYS0005","BILLINGS 2.8 WNW, MT US","2021-03-22",,,"0.00","0.0",,,,,,,
"US1MTYS0005","BILLINGS 2.8 WNW, MT US","2021-03-23",,,"0.00","0.0",,,,,,,
"US1MTYS0005","BILLINGS 2.8 WNW, MT US","2021-03-24",,,"0.00","0.0",,,,,,,
"US1MTYS0005","BILLINGS 2.8 WNW, MT US","2021-03-25",,,"0.00","0.0",,,,,,,
"US1MTYS0005","BILLINGS 2.8 WNW, MT US","2021-03-26",,,"0.02","0.1",,,,,,,
"US1MTYS0005","BILLINGS 2.8 WNW, MT US","2021-03-27",,,"0.00","0.0",,,,,,,
"US1MTYS0005","BILLINGS 2.8 WNW, MT US","2021-03-28",,,"0.00","0.0",,,,,,,
"US1MTYS0005","BILLINGS 2.8 WNW, MT US","2021-03-29",,,"0.01","0.0",,,,,,,
"US1MTYS0005","BILLINGS 2.8 WNW, MT US","2021-03-30",,,"0.00","0.0",,,,,,,
"US1MTYS0005","BILLINGS 2.8 WNW, MT US","2021-03-31",,,"0.00","0.0",,,,,,,
"US1MTYS0005","BILLINGS 2.8 WNW, MT US","2021-04-01",,,"0.00","0.0","0.0",,,,,,
"US1MTYS0005","BILLINGS 2.8 WNW, MT US","2021-04-02",,,"0.00","0.0","0.0",,,,,,
"US1MTYS0005","BILLINGS 2.8 WNW, MT US","2021-04-03",,,"0.00","0.0","0.0",,,,,,
"US1MTYS0005","BILLINGS 2.8 WNW, MT US","2021-04-04",,,"0.00","0.0","0.0",,,,,,
"US1MTYS0005","BILLINGS 2.8 WNW, MT US","2021-04-05",,,"0.00","0.0","0.0",,,,,,
"US1MTYS0005","BILLINGS 2.8 WNW, MT US","2021-04-06",,,"0.01","0.0","0.0",,,,,,
"US1MTYS0005","BILLINGS 2.8 WNW, MT US","2021-04-07",,,"0.15","0.0","0.0",,,,,,
"US1MTYS0005","BILLINGS 2.8 WNW, MT US","2021-04-08",,,"0.00","0.0","0.0",,,,,,
"US1MTYS0005","BILLINGS 2.8 WNW, MT US","2021-04-09",,,"0.08","0.0","0.0",,,,,,
"US1MTYS0005","BILLINGS 2.8 WNW, MT US","2021-04-10",,,"0.00","0.0","0.0",,,,,,
"US1MTYS0005","BILLINGS 2.8 WNW, MT US","2021-04-11",,,"0.06","0.0","0.0",,,,,,
"US1MTYS0005","BILLINGS 2.8 WNW, MT US","2021-04-12",,,"0.00","0.0","0.0",,,,,,
"US1MTYS0005","BILLINGS 2.8 WNW, MT US","2021-04-13",,,"0.00","0.0","0.0",,,,,,
"US1MTYS0005","BILLINGS 2.8 WNW, MT US","2021-04-14",,,"0.00","0.0","0.0",,,,,,
"US1MTYS0005","BILLINGS 2.8 WNW, MT US","2021-04-15",,,"0.00","0.0","0.0",,,,,,
"US1MTYS0005","BILLINGS 2.8 WNW, MT US","2021-04-16",,,"0.04","0.0","0.0",,,,,,
"US1MTYS0005","BILLINGS 2.8 WNW, MT US","2021-04-17",,,"0.02","0.0","0.0",,,,,,
"US1MTYS0005","BILLINGS 2.8 WNW, MT US","2021-04-18",,,"0.00","0.0","0.0",,,,,,
"US1MTYS0005","BILLINGS 2.8 WNW, MT US","2021-04-19",,,"0.26","3.9","4.0",,,,,"0.4","0.4"
"US1MTYS0005","BILLINGS 2.8 WNW, MT US","2021-04-20",,,"0.00","0.0","0.0",,,,,,
"US1MTYS0005","BILLINGS 2.8 WNW, MT US","2021-04-21",,,"0.00","0.0","0.0",,,,,,
"US1MTYS0005","BILLINGS 2.8 WNW, MT US","2021-04-22",,,"0.00","0.0","0.0",,,,,,
"US1MTYS0005","BILLINGS 2.8 WNW, MT US","2021-04-23",,,"0.14","1.5","1.5",,,,,"0.2","0.2"
"US1MTYS0005","BILLINGS 2.8 WNW, MT US","2021-04-24",,,"0.00","0.0","0.0",,,,,,
"US1MTYS0005","BILLINGS 2.8 WNW, MT US","2021-04-25",,,"0.00","0.0","0.0",,,,,,
"US1MTYS0005","BILLINGS 2.8 WNW, MT US","2021-04-26",,,"0.33","0.0","0.0",,,,,,
"US1MTYS0005","BILLINGS 2.8 WNW, MT US","2021-04-27",,,"0.00","0.0","0.0",,,,,,
"US1MTYS0005","BILLINGS 2.8 WNW, MT US","2021-04-28",,,"0.00","0.0","0.0",,,,,,
"US1MTYS0005","BILLINGS 2.8 WNW, MT US","2021-04-29",,,"0.00","0.0","0.0",,,,,,
"US1MTYS0005","BILLINGS 2.8 WNW, MT US","2021-04-30",,,"0.00","0.0","0.0",,,,,,
"US1MTYS0005","BILLINGS 2.8 WNW, MT US","2021-05-01",,,"0.00","0.0","0.0",,,,,,
"US1MTYS0005","BILLINGS 2.8 WNW, MT US","2021-05-02",,,"0.51","0.0","0.0",,,,,,
"US1MTYS0005","BILLINGS 2.8 WNW, MT US","2021-05-03",,,"0.03","0.0","0.0",,,,,,
"US1MTYS0005","BILLINGS 2.8 WNW, MT US","2021-05-04",,,"0.00","0.0","0.0",,,,,,
"US1MTYS0005","BILLINGS 2.8 WNW, MT US","2021-05-05",,,"0.00","0.0","0.0",,,,,,
"US1MTYS0005","BILLINGS 2.8 WNW, MT US","2021-05-06",,,"0.00","0.0","0.0",,,,,,
"US1MTYS0005","BILLINGS 2.8 WNW, MT US","2021-05-07",,,"0.00","0.0","0.0",,,,,,
"US1MTYS0005","BILLINGS 2.8 WNW, MT US","2021-05-08",,,"0.28","0.0","0.0",,,,,,
"US1MTYS0005","BILLINGS 2.8 WNW, MT US","2021-05-09",,,"0.01","0.0","0.0",,,,,,
"US1MTYS0005","BILLINGS 2.8 WNW, MT US","2021-05-10",,,"0.05","0.0","0.0",,,,,,
"US1MTYS0005","BILLINGS 2.8 WNW, MT US","2021-05-11",,,"0.00","0.0","0.0",,,,,,
"US1MTYS0005","BILLINGS 2.8 WNW, MT US","2021-05-12",,,"0.00","0.0","0.0",,,,,,
"US1MTYS0005","BILLINGS 2.8 WNW, MT US","2021-05-13",,,"0.00","0.0","0.0",,,,,,
"US1MTYS0005","BILLINGS 2.8 WNW, MT US","2021-05-14",,,"0.01","0.0","0.0",,,,,,
"US1MTYS0005","BILLINGS 2.8 WNW, MT US","2021-05-15",,,"0.08","0.0","0.0",,,,,,
"US1MTYS0005","BILLINGS 2.8 WNW, MT US","2021-05-16",,,"0.00","0.0","0.0",,,,,,
"US1MTYS0005","BILLINGS 2.8 WNW, MT US","2021-05-17",,,"0.00","0.0","0.0",,,,,,
"US1MTYS0005","BILLINGS 2.8 WNW, MT US","2021-05-18",,,"0.00","0.0","0.0",,,,,,
"US1MTYS0005","BILLINGS 2.8 WNW, MT US","2021-05-19",,,"0.00","0.0","0.0",,,,,,
"US1MTYS0005","BILLINGS 2.8 WNW, MT US","2021-05-20",,,"0.05","0.0","0.0",,,,,,
"US1MTYS0005","BILLINGS 2.8 WNW, MT US","2021-05-21",,,"0.13","0.0","0.0",,,,,,
"US1MTYS0005","BILLINGS 2.8 WNW, MT US","2021-05-22",,,"0.03","0.0","0.0",,,,,,
"US1MTYS0005","BILLINGS 2.8 WNW, MT US","2021-05-23",,,"0.00","0.0","0.0",,,,,,
"US1MTYS0005","BILLINGS 2.8 WNW, MT US","2021-05-24",,,"0.00","0.0","0.0",,,,,,
"US1MTYS0005","BILLINGS 2.8 WNW, MT US","2021-05-25",,,"0.00","0.0","0.0",,,,,,
"US1MTYS0005","BILLINGS 2.8 WNW, MT US","2021-05-26",,,"0.03","0.0","0.0",,,,,,
"US1MTYS0005","BILLINGS 2.8 WNW, MT US","2021-05-27",,,"0.00","0.0","0.0",,,,,,
"US1MTYS0005","BILLINGS 2.8 WNW, MT US","2021-05-28",,,"0.00","0.0",,,,,,,
"US1MTYS0005","BILLINGS 2.8 WNW, MT US","2021-05-29",,,"0.03","0.0","0.0",,,,,,
"US1MTYS0005","BILLINGS 2.8 WNW, MT US","2021-05-30",,,"0.00","0.0","0.0",,,,,,
"US1MTYS0005","BILLINGS 2.8 WNW, MT US","2021-05-31",,,"0.00","0.0","0.0",,,,,,
"US1MTYS0005","BILLINGS 2.8 WNW, MT US","2021-06-01",,,"0.00","0.0","0.0",,,,,,
"US1MTYS0005","BILLINGS 2.8 WNW, MT US","2021-06-02",,,"0.00","0.0","0.0",,,,,,
"US1MTYS0005","BILLINGS 2.8 WNW, MT US","2021-06-03",,,"0.00","0.0","0.0",,,,,,
"US1MTYS0005","BILLINGS 2.8 WNW, MT US","2021-06-04",,,"0.00","0.0","0.0",,,,,,
"US1MTYS0005","BILLINGS 2.8 WNW, MT US","2021-06-05",,,"0.09","0.0","0.0",,,,,,
"US1MTYS0005","BILLINGS 2.8 WNW, MT US","2021-06-06",,,"0.04","0.0","0.0",,,,,,
"US1MTYS0005","BILLINGS 2.8 WNW, MT US","2021-06-07",,,"0.00","0.0","0.0",,,,,,
"US1MTYS0005","BILLINGS 2.8 WNW, MT US","2021-06-08",,,"0.00","0.0","0.0",,,,,,
"US1MTYS0005","BILLINGS 2.8 WNW, MT US","2021-06-09",,,"0.01","0.0","0.0",,,,,,
"US1MTYS0005","BILLINGS 2.8 WNW, MT US","2021-06-10",,,"0.00","0.0","0.0",,,,,,
"US1MTYS0005","BILLINGS 2.8 WNW, MT US","2021-06-11",,,"0.09","0.0","0.0",,,,,,
"US1MTYS0005","BILLINGS 2.8 WNW, MT US","2021-06-12",,,"0.00","0.0","0.0",,,,,,
"US1MTYS0005","BILLINGS 2.8 WNW, MT US","2021-06-13",,,"0.00","0.0","0.0",,,,,,
"US1MTYS0005","BILLINGS 2.8 WNW, MT US","2021-06-14",,,"0.00","0.0","0.0",,,,,,
"US1MTYS0005","BILLINGS 2.8 WNW, MT US","2021-06-15",,,"0.00","0.0","0.0",,,,,,
"US1MTYS0005","BILLINGS 2.8 WNW, MT US","2021-06-16",,,"0.00","0.0","0.0",,,,,,
"US1MTYS0005","BILLINGS 2.8 WNW, MT US","2021-06-17",,,"0.00","0.0","0.0",,,,,,
"US1MTYS0005","BILLINGS 2.8 WNW, MT US","2021-06-18",,,"0.00","0.0","0.0",,,,,,
"US1MTYS0005","BILLINGS 2.8 WNW, MT US","2021-06-19",,,"0.00","0.0","0.0",,,,,,
"US1MTYS0005","BILLINGS 2.8 WNW, MT US","2021-06-20",,,"0.03","0.0","0.0",,,,,,
"US1MTYS0005","BILLINGS 2.8 WNW, MT US","2021-06-21",,,"0.02","0.0","0.0",,,,,,
"US1MTYS0005","BILLINGS 2.8 WNW, MT US","2021-06-22",,,"0.00","0.0","0.0",,,,,,
"US1MTYS0005","BILLINGS 2.8 WNW, MT US","2021-06-23",,,"0.00","0.0","0.0",,,,,,
"US1MTYS0005","BILLINGS 2.8 WNW, MT US","2021-06-24",,,"0.00","0.0","0.0",,,,,,
"US1MTYS0005","BILLINGS 2.8 WNW, MT US","2021-06-25",,,"0.12","0.0","0.0",,,,,,
"US1MTYS0005","BILLINGS 2.8 WNW, MT US","2021-06-26",,,"0.04","0.0","0.0",,,,,,
"US1MTYS0005","BILLINGS 2.8 WNW, MT US","2021-06-27",,,"0.03","0.0","0.0",,,,,,
"US1MTYS0005","BILLINGS 2.8 WNW, MT US","2021-06-28",,,"0.00","0.0","0.0",,,,,,
"US1MTYS0005","BILLINGS 2.8 WNW, MT US","2021-06-29",,,"0.00","0.0","0.0",,,,,,
"US1MTYS0005","BILLINGS 2.8 WNW, MT US","2021-06-30",,,"0.00","0.0","0.0",,,,,,
"US1MTYS0033","BILLINGS 4.1 WSW, MT US","2021-01-08",,,"0.23","0.2","0.0",,,,,,
"US1MTYS0033","BILLINGS 4.1 WSW, MT US","2021-01-14",,,"0.00",,,,,,,,
"US1MTYS0033","BILLINGS 4.1 WSW, MT US","2021-02-06",,,"0.22","5.4","5.5",,,,,,
"US1MTYS0033","BILLINGS 4.1 WSW, MT US","2021-02-07",,,"0.18","3.8","9.5",,,,,,
"US1MTYS0033","BILLINGS 4.1 WSW, MT US","2021-02-08",,,"0.04","0.4","8.5",,,,,,
"US1MTYS0033","BILLINGS 4.1 WSW, MT US","2021-02-09",,,"0.05","1.1","8.5",,,,,,
"US1MTYS0033","BILLINGS 4.1 WSW, MT US","2021-02-10",,,"0.02","0.3","7.0",,,,,,
"US1MTYS0033","BILLINGS 4.1 WSW, MT US","2021-02-11",,,"0.05","1.1","8.0",,,,,,
"US1MTYS0033","BILLINGS 4.1 WSW, MT US","2021-02-12",,,"0.01","0.1","8.0",,,,,,
"US1MTYS0033","BILLINGS 4.1 WSW, MT US","2021-02-16",,,"0.04","0.8","8.0",,,,,,
"US1MTYS0033","BILLINGS 4.1 WSW, MT US","2021-03-20",,,"0.01",,,,,,,,
"US1MTYS0033","BILLINGS 4.1 WSW, MT US","2021-03-21",,,"0.68",,,,,,,,
"US1MTYS0033","BILLINGS 4.1 WSW, MT US","2021-03-26",,,"0.01","0.0","0.0",,,,,,
"US1MTYS0033","BILLINGS 4.1 WSW, MT US","2021-05-02",,,"0.51",,,,,,,,
"US1MTYS0033","BILLINGS 4.1 WSW, MT US","2021-05-03",,,"0.06",,,,,,,,
"US1MTYS0033","BILLINGS 4.1 WSW, MT US","2021-05-05",,,"0.01",,,,,,,,
"US1MTYS0033","BILLINGS 4.1 WSW, MT US","2021-05-06",,,"0.01",,,,,,,,
"US1MTYS0033","BILLINGS 4.1 WSW, MT US","2021-05-08",,,"0.24",,,,,,,,
"US1MTYS0033","BILLINGS 4.1 WSW, MT US","2021-05-10","    2","0.12",,,"0.0",,,,,"0.0",
"US1MTYS0041","BILLINGS 1.7 W, MT US","2021-01-01",,,"0.00","0.0",,,,,,,
"US1MTYS0041","BILLINGS 1.7 W, MT US","2021-01-02",,,"0.00","0.0",,,,,,,
"US1MTYS0041","BILLINGS 1.7 W, MT US","2021-01-03",,,"0.00","0.0",,,,,,,
"US1MTYS0041","BILLINGS 1.7 W, MT US","2021-01-04",,,"0.00","0.0",,,,,,,
"US1MTYS0041","BILLINGS 1.7 W, MT US","2021-01-05",,,"0.00",,,,,,,,
"US1MTYS0041","BILLINGS 1.7 W, MT US","2021-01-06",,,"0.00",,,,,,,,
"US1MTYS0041","BILLINGS 1.7 W, MT US","2021-01-07",,,"0.00",,,,,,,,
"US1MTYS0041","BILLINGS 1.7 W, MT US","2021-01-08",,,"0.22",,,,,,,,
"US1MTYS0041","BILLINGS 1.7 W, MT US","2021-01-09",,,"0.00",,,,,,,,
"US1MTYS0041","BILLINGS 1.7 W, MT US","2021-01-10",,,"0.00","0.0",,,,,,,
"US1MTYS0041","BILLINGS 1.7 W, MT US","2021-01-11",,,"0.00","0.0",,,,,,,
"US1MTYS0041","BILLINGS 1.7 W, MT US","2021-01-12",,,"0.00","0.0",,,,,,,
"US1MTYS0041","BILLINGS 1.7 W, MT US","2021-01-13",,,"0.00","0.0",,,,,,,
"US1MTYS0041","BILLINGS 1.7 W, MT US","2021-01-14",,,"0.00",,,,,,,,
"US1MTYS0041","BILLINGS 1.7 W, MT US","2021-01-15",,,"0.00","0.0",,,,,,,
"US1MTYS0041","BILLINGS 1.7 W, MT US","2021-01-16",,,"0.00","0.0",,,,,,,
"US1MTYS0041","BILLINGS 1.7 W, MT US","2021-01-17",,,"0.00","0.0",,,,,,,
"US1MTYS0041","BILLINGS 1.7 W, MT US","2021-01-18",,,"0.01",,,,,,,,
"US1MTYS0041","BILLINGS 1.7 W, MT US","2021-01-19",,,"0.01",,,,,,,,
"US1MTYS0041","BILLINGS 1.7 W, MT US","2021-01-20",,,"0.00","0.0",,,,,,,
"US1MTYS0041","BILLINGS 1.7 W, MT US","2021-01-21",,,"0.00","0.0",,,,,,,
"US1MTYS0041","BILLINGS 1.7 W, MT US","2021-01-22",,,"0.00",,,,,,,,
"US1MTYS0041","BILLINGS 1.7 W, MT US","2021-01-23",,,"0.00","0.0",,,,,,,
"US1MTYS0041","BILLINGS 1.7 W, MT US","2021-01-24",,,"0.00","0.0",,,,,,,
"US1MTYS0041","BILLINGS 1.7 W, MT US","2021-01-25",,,"0.00","0.0",,,,,,,
"US1MTYS0041","BILLINGS 1.7 W, MT US","2021-01-26",,,"0.00",,,,,,,,
"US1MTYS0041","BILLINGS 1.7 W, MT US","2021-01-27",,,"0.00",,,,,,,,
"US1MTYS0041","BILLINGS 1.7 W, MT US","2021-01-28",,,"0.00","0.0",,,,,,,
"US1MTYS0041","BILLINGS 1.7 W, MT US","2021-01-29",,,"0.00","0.0",,,,,,,
"US1MTYS0041","BILLINGS 1.7 W, MT US","2021-01-30",,,"0.01",,,,,,,,
"US1MTYS0041","BILLINGS 1.7 W, MT US","2021-01-31",,,"0.00",,,,,,,,
"US1MTYS0041","BILLINGS 1.7 W, MT US","2021-02-01",,,"0.00","0.0",,,,,,,
"US1MTYS0041","BILLINGS 1.7 W, MT US","2021-02-02",,,"0.00","0.0",,,,,,,
"US1MTYS0041","BILLINGS 1.7 W, MT US","2021-02-03",,,"0.04",,,,,,,,
"US1MTYS0041","BILLINGS 1.7 W, MT US","2021-02-04",,,"0.00",,,,,,,,
"US1MTYS0041","BILLINGS 1.7 W, MT US","2021-02-05",,,"0.00",,,,,,,,
"US1MTYS0041","BILLINGS 1.7 W, MT US","2021-02-06",,,"0.57","7.0","7.0",,,,,"0.6","0.6"
"US1MTYS0041","BILLINGS 1.7 W, MT US","2021-02-07",,,"0.30","3.0","10.0",,,,,,"0.3"
"US1MTYS0041","BILLINGS 1.7 W, MT US","2021-02-08",,,"0.02",,,,,,,,
"US1MTYS0041","BILLINGS 1.7 W, MT US","2021-02-09",,,"0.04","1.0",,,,,,,"0.0"
"US1MTYS0041","BILLINGS 1.7 W, MT US","2021-02-10",,,"0.07",,,,,,,,
"US1MTYS0041","BILLINGS 1.7 W, MT US","2021-02-11",,,"0.08","1.0",,,,,,,"0.1"
"US1MTYS0041","BILLINGS 1.7 W, MT US","2021-02-12",,,"0.01",,,,,,,,
"US1MTYS0041","BILLINGS 1.7 W, MT US","2021-02-13",,,"0.00","0.0",,,,,,,
"US1MTYS0041","BILLINGS 1.7 W, MT US","2021-02-14",,,"0.00","0.0",,,,,,,
"US1MTYS0041","BILLINGS 1.7 W, MT US","2021-02-15",,,"0.00",,,,,,,,
"US1MTYS0041","BILLINGS 1.7 W, MT US","2021-02-16",,,"0.01",,,,,,,,
"US1MTYS0041","BILLINGS 1.7 W, MT US","2021-02-17",,,"0.02",,,,,,,,
"US1MTYS0041","BILLINGS 1.7 W, MT US","2021-02-18",,,"0.02",,,,,,,,
"US1MTYS0041","BILLINGS 1.7 W, MT US","2021-02-19",,,"0.00","0.0",,,,,,,
"US1MTYS0041","BILLINGS 1.7 W, MT US","2021-02-20",,,"0.00","0.0",,,,,,,
"US1MTYS0041","BILLINGS 1.7 W, MT US","2021-02-21",,,"0.00","0.0",,,,,,,
"US1MTYS0041","BILLINGS 1.7 W, MT US","2021-02-22",,,"0.00","0.0",,,,,,,
"US1MTYS0041","BILLINGS 1.7 W, MT US","2021-02-23",,,"0.22",,,,,,,,
"US1MTYS0041","BILLINGS 1.7 W, MT US","2021-02-24",,,"0.00","0.0",,,,,,,
"US1MTYS0041","BILLINGS 1.7 W, MT US","2021-02-25",,,"0.01",,,,,,,,
"US1MTYS0041","BILLINGS 1.7 W, MT US","2021-02-26",,,"0.00","0.0",,,,,,,
"US1MTYS0041","BILLINGS 1.7 W, MT US","2021-02-27",,,"0.00","0.0",,,,,,,
"US1MTYS0041","BILLINGS 1.7 W, MT US","2021-02-28",,,"0.01",,,,,,,,
"US1MTYS0041","BILLINGS 1.7 W, MT US","2021-03-01",,,"0.00","0.0",,,,,,,
"US1MTYS0041","BILLINGS 1.7 W, MT US","2021-03-02",,,"0.00","0.0",,,,,,,
"US1MTYS0041","BILLINGS 1.7 W, MT US","2021-03-03",,,"0.00","0.0",,,,,,,
"US1MTYS0041","BILLINGS 1.7 W, MT US","2021-03-04",,,"0.00","0.0",,,,,,,
"US1MTYS0041","BILLINGS 1.7 W, MT US","2021-03-05",,,"0.00","0.0",,,,,,,
"US1MTYS0041","BILLINGS 1.7 W, MT US","2021-03-06",,,"0.00","0.0",,,,,,,
"US1MTYS0041","BILLINGS 1.7 W, MT US","2021-03-07",,,"0.00","0.0",,,,,,,
"US1MTYS0041","BILLINGS 1.7 W, MT US","2021-03-08",,,"0.00","0.0",,,,,,,
"US1MTYS0041","BILLINGS 1.7 W, MT US","2021-03-09",,,"0.01",,,,,,,,
"US1MTYS0041","BILLINGS 1.7 W, MT US","2021-03-10",,,"0.00","0.0",,,,,,,
"US1MTYS0041","BILLINGS 1.7 W, MT US","2021-03-11",,,"0.00","0.0",,,,,,,
"US1MTYS0041","BILLINGS 1.7 W, MT US","2021-03-12",,,"0.00","0.0",,,,,,,
"US1MTYS0041","BILLINGS 1.7 W, MT US","2021-03-13",,,"0.00","0.0",,,,,,,
"US1MTYS0041","BILLINGS 1.7 W, MT US","2021-03-14",,,"0.00","0.0",,,,,,,
"US1MTYS0041","BILLINGS 1.7 W, MT US","2021-03-15",,,"0.00","0.0",,,,,,,
"US1MTYS0041","BILLINGS 1.7 W, MT US","2021-03-16",,,"0.00","0.0",,,,,,,
"US1MTYS0041","BILLINGS 1.7 W, MT US","2021-03-17",,,"0.00",,,,,,,,
"US1MTYS0041","BILLINGS 1.7 W, MT US","2021-03-18",,,"0.00","0.0",,,,,,,
"US1MTYS0041","BILLINGS 1.7 W, MT US","2021-03-19",,,"0.00","0.0",,,,,,,
"US1MTYS0041","BILLINGS 1.7 W, MT US","2021-03-20",,,"0.15",,,,,,,,
"US1MTYS0041","BILLINGS 1.7 W, MT US","2021-03-21",,,"0.64",,,,,,,,
"US1MTYS0041","BILLINGS 1.7 W, MT US","2021-03-22",,,"0.00","0.0",,,,,,,
"US1MTYS0041","BILLINGS 1.7 W, MT US","2021-03-23",,,"0.00","0.0",,,,,,,
"US1MTYS0041","BILLINGS 1.7 W, MT US","2021-03-24",,,"0.00","0.0",,,,,,,
"US1MTYS0041","BILLINGS 1.7 W, MT US","2021-03-25",,,"0.00","0.0",,,,,,,
"US1MTYS0041","BILLINGS 1.7 W, MT US","2021-03-26",,,"0.01",,,,,,,,
"US1MTYS0041","BILLINGS 1.7 W, MT US","2021-03-27",,,"0.00",,,,,,,,
"US1MTYS0041","BILLINGS 1.7 W, MT US","2021-03-28",,,"0.00",,,,,,,,
"US1MTYS0041","BILLINGS 1.7 W, MT US","2021-03-29",,,"0.01",,,,,,,,
"US1MTYS0041","BILLINGS 1.7 W, MT US","2021-03-30",,,"0.00",,,,,,,,
"US1MTYS0041","BILLINGS 1.7 W, MT US","2021-03-31",,,"0.00","0.0",,,,,,,
"US1MTYS0041","BILLINGS 1.7 W, MT US","2021-04-01",,,"0.00","0.0",,,,,,,
"US1MTYS0041","BILLINGS 1.7 W, MT US","2021-04-02",,,"0.00","0.0",,,,,,,
"US1MTYS0041","BILLINGS 1.7 W, MT US","2021-04-03",,,"0.00","0.0",,,,,,,
"US1MTYS0041","BILLINGS 1.7 W, MT US","2021-04-04",,,"0.00","0.0",,,,,,,
"US1MTYS0041","BILLINGS 1.7 W, MT US","2021-04-05",,,"0.00","0.0",,,,,,,
"US1MTYS0041","BILLINGS 1.7 W, MT US","2021-04-06",,,"0.01",,,,,,,,
"US1MTYS0041","BILLINGS 1.7 W, MT US","2021-04-07",,,"0.16",,,,,,,,
"US1MTYS0041","BILLINGS 1.7 W, MT US","2021-04-08",,,"0.00","0.0",,,,,,,
"US1MTYS0041","BILLINGS 1.7 W, MT US","2021-04-09",,,"0.10",,,,,,,,
"US1MTYS0041","BILLINGS 1.7 W, MT US","2021-04-10",,,"0.00","0.0",,,,,,,
"US1MTYS0041","BILLINGS 1.7 W, MT US","2021-04-11",,,"0.08",,,,,,,,
"US1MTYS0041","BILLINGS 1.7 W, MT US","2021-04-12",,,"0.00",,,,,,,,
"US1MTYS0041","BILLINGS 1.7 W, MT US","2021-04-13",,,"0.00",,,,,,,,
"US1MTYS0041","BILLINGS 1.7 W, MT US","2021-04-14",,,"0.00",,,,,,,,
"US1MTYS0041","BILLINGS 1.7 W, MT US","2021-04-15",,,"0.00",,,,,,,,
"US1MTYS0041","BILLINGS 1.7 W, MT US","2021-04-16",,,"0.06",,,,,,,,
"US1MTYS0041","BILLINGS 1.7 W, MT US","2021-04-17",,,"0.00",,,,,,,,
"US1MTYS0041","BILLINGS 1.7 W, MT US","2021-04-18",,,"0.00","0.0",,,,,,,
"US1MTYS0041","BILLINGS 1.7 W, MT US","2021-04-19",,,"0.40","3.0",,,,,,,"0.4"
"US1MTYS0041","BILLINGS 1.7 W, MT US","2021-04-20",,,"0.00",,,,,,,,
"US1MTYS0041","BILLINGS 1.7 W, MT US","2021-04-21",,,"0.00",,,,,,,,
"US1MTYS0041","BILLINGS 1.7 W, MT US","2021-04-22",,,"0.00","0.0",,,,,,,
"US1MTYS0041","BILLINGS 1.7 W, MT US","2021-04-23",,,"0.17","1.0",,,,,,,"0.2"
"US1MTYS0041","BILLINGS 1.7 W, MT US","2021-04-24",,,"0.00",,,,,,,,
"US1MTYS0041","BILLINGS 1.7 W, MT US","2021-04-25",,,"0.00","0.0",,,,,,,
"US1MTYS0041","BILLINGS 1.7 W, MT US","2021-04-26",,,"0.45",,,,,,,,
"US1MTYS0041","BILLINGS 1.7 W, MT US","2021-04-27",,,"0.00",,,,,,,,
"US1MTYS0041","BILLINGS 1.7 W, MT US","2021-04-28",,,"0.00","0.0",,,,,,,
"US1MTYS0041","BILLINGS 1.7 W, MT US","2021-04-29",,,"0.00","0.0",,,,,,,
"US1MTYS0041","BILLINGS 1.7 W, MT US","2021-04-30",,,"0.00","0.0",,,,,,,
"US1MTYS0041","BILLINGS 1.7 W, MT US","2021-05-01",,,"0.00",,,,,,,,
"US1MTYS0041","BILLINGS 1.7 W, MT US","2021-05-02",,,"0.53",,,,,,,,
"US1MTYS0041","BILLINGS 1.7 W, MT US","2021-05-03",,,"0.05",,,,,,,,
"US1MTYS0041","BILLINGS 1.7 W, MT US","2021-05-04",,,"0.00","0.0",,,,,,,
"US1MTYS0041","BILLINGS 1.7 W, MT US","2021-05-05",,,"0.00",,,,,,,,
"US1MTYS0041","BILLINGS 1.7 W, MT US","2021-05-06",,,"0.00",,,,,,,,
"US1MTYS0041","BILLINGS 1.7 W, MT US","2021-05-07",,,"0.00","0.0",,,,,,,
"US1MTYS0041","BILLINGS 1.7 W, MT US","2021-05-08",,,"0.31",,,,,,,,
"US1MTYS0041","BILLINGS 1.7 W, MT US","2021-05-09",,,"0.01",,,,,,,,
"US1MTYS0041","BILLINGS 1.7 W, MT US","2021-05-10",,,"0.06",,,,,,,,
"US1MTYS0041","BILLINGS 1.7 W, MT US","2021-05-11",,,"0.00","0.0",,,,,,,
"US1MTYS0041","BILLINGS 1.7 W, MT US","2021-05-12",,,"0.00",,,,,,,,
"US1MTYS0041","BILLINGS 1.7 W, MT US","2021-05-13",,,"0.00",,,,,,,,
"US1MTYS0041","BILLINGS 1.7 W, MT US","2021-05-14",,,"0.01",,,,,,,,
"US1MTYS0041","BILLINGS 1.7 W, MT US","2021-05-15",,,"0.03",,,,,,,,
"US1MTYS0041","BILLINGS 1.7 W, MT US","2021-05-16",,,"0.00","0.0",,,,,,,
"US1MTYS0041","BILLINGS 1.7 W, MT US","2021-05-17",,,"0.00","0.0",,,,,,,
"US1MTYS0041","BILLINGS 1.7 W, MT US","2021-05-18",,,"0.00","0.0",,,,,,,
"US1MTYS0041","BILLINGS 1.7 W, MT US","2021-05-19",,,"0.00",,,,,,,,
"US1MTYS0041","BILLINGS 1.7 W, MT US","2021-05-20",,,"0.05",,,,,,,,
"US1MTYS0041","BILLINGS 1.7 W, MT US","2021-05-21",,,"0.14",,,,,,,,
"US1MTYS0041","BILLINGS 1.7 W, MT US","2021-05-22",,,"0.04",,,,,,,,
"US1MTYS0041","BILLINGS 1.7 W, MT US","2021-05-23",,,"0.03",,,,,,,,
"US1MTYS0041","BILLINGS 1.7 W, MT US","2021-05-24",,,"0.00",,,,,,,,
"US1MTYS0041","BILLINGS 1.7 W, MT US","2021-05-25",,,"0.00","0.0",,,,,,,
"US1MTYS0041","BILLINGS 1.7 W, MT US","2021-05-26",,,"0.02",,,,,,,,
"US1MTYS0041","BILLINGS 1.7 W, MT US","2021-05-27",,,"0.00",,,,,,,,
"US1MTYS0041","BILLINGS 1.7 W, MT US","2021-05-28",,,"0.00","0.0",,,,,,,
"US1MTYS0041","BILLINGS 1.7 W, MT US","2021-05-29",,,"0.00",,,,,,,,
"US1MTYS0041","BILLINGS 1.7 W, MT US","2021-05-30",,,"0.00","0.0",,,,,,,
"US1MTYS0041","BILLINGS 1.7 W, MT US","2021-05-31",,,"0.00","0.0",,,,,,,
"US1MTYS0041","BILLINGS 1.7 W, MT US","2021-06-01",,,"0.00","0.0",,,,,,,
"US1MTYS0041","BILLINGS 1.7 W, MT US","2021-06-02",,,"0.00","0.0",,,,,,,
"US1MTYS0041","BILLINGS 1.7 W, MT US","2021-06-03",,,"0.00","0.0",,,,,,,
"US1MTYS0041","BILLINGS 1.7 W, MT US","2021-06-04",,,"0.00","0.0",,,,,,,
"US1MTYS0041","BILLINGS 1.7 W, MT US","2021-06-05",,,"0.06",,,,,,,,
"US1MTYS0041","BILLINGS 1.7 W, MT US","2021-06-06",,,"0.04",,,,,,,,
"US1MTYS0041","BILLINGS 1.7 W, MT US","2021-06-07",,,"0.00","0.0",,,,,,,
"US1MTYS0041","BILLINGS 1.7 W, MT US","2021-06-08",,,"0.00","0.0",,,,,,,
"US1MTYS0041","BILLINGS 1.7 W, MT US","2021-06-09",,,"0.00",,,,,,,,
"US1MTYS0041","BILLINGS 1.7 W, MT US","2021-06-10",,,"0.00","0.0",,,,,,,
"US1MTYS0041","BILLINGS 1.7 W, MT US","2021-06-11",,,"0.06",,,,,,,,
"US1MTYS0041","BILLINGS 1.7 W, MT US","2021-06-12",,,"0.00","0.0",,,,,,,
"US1MTYS0041","BILLINGS 1.7 W, MT US","2021-06-13",,,"0.00","0.0",,,,,,,
"US1MTYS0041","BILLINGS 1.7 W, MT US","2021-06-14",,,"0.00","0.0",,,,,,,
"US1MTYS0041","BILLINGS 1.7 W, MT US","2021-06-15",,,"0.00","0.0",,,,,,,
"US1MTYS0041","BILLINGS 1.7 W, MT US","2021-06-16",,,"0.00","0.0",,,,,,,
"US1MTYS0041","BILLINGS 1.7 W, MT US","2021-06-17",,,"0.00","0.0",,,,,,,
"US1MTYS0041","BILLINGS 1.7 W, MT US","2021-06-18",,,"0.00","0.0",,,,,,,
"US1MTYS0041","BILLINGS 1.7 W, MT US","2021-06-19",,,"0.00","0.0",,,,,,,
"US1MTYS0041","BILLINGS 1.7 W, MT US","2021-06-20",,,"0.02",,,,,,,,
"US1MTYS0041","BILLINGS 1.7 W, MT US","2021-06-21",,,"0.01",,,,,,,,
"US1MTYS0041","BILLINGS 1.7 W, MT US","2021-06-22",,,"0.00","0.0",,,,,,,
"US1MTYS0041","BILLINGS 1.7 W, MT US","2021-06-23",,,"0.00","0.0",,,,,,,
"US1MTYS0041","BILLINGS 1.7 W, MT US","2021-06-24",,,"0.00","0.0",,,,,,,
"US1MTYS0041","BILLINGS 1.7 W, MT US","2021-06-25",,,"0.13",,,,,,,,
"US1MTYS0041","BILLINGS 1.7 W, MT US","2021-06-26",,,"0.01",,,,,,,,
"US1MTYS0041","BILLINGS 1.7 W, MT US","2021-06-27",,,"0.01",,,,,,,,
"US1MTYS0041","BILLINGS 1.7 W, MT US","2021-06-28",,,"0.00","0.0",,,,,,,
"US1MTYS0041","BILLINGS 1.7 W, MT US","2021-06-29",,,"0.00","0.0",,,,,,,
"US1MTYS0041","BILLINGS 1.7 W, MT US","2021-06-30",,,"0.00","0.0",,,,,,,
"US1MTYS0041","BILLINGS 1.7 W, MT US","2021-07-01",,,"0.00","0.0",,,,,,,
"US1MTYS0041","BILLINGS 1.7 W, MT US","2021-07-02",,,"0.00","0.0",,,,,,,
"US1MTYS0041","BILLINGS 1.7 W, MT US","2021-07-03",,,"0.00",,,,,,,,
"US1MTYS0041","BILLINGS 1.7 W, MT US","2021-07-04",,,"0.06",,,,,,,,
"US1MTYS0041","BILLINGS 1.7 W, MT US","2021-07-05",,,"0.00",,,,,,,,
"US1MTYS0041","BILLINGS 1.7 W, MT US","2021-07-06",,,"0.04",,,,,,,,
"US1MTYS0041","BILLINGS 1.7 W, MT US","2021-07-07",,,"0.00",,,,,,,,
"US1MTYS0041","BILLINGS 1.7 W, MT US","2021-07-08",,,"0.03",,,,,,,,
"US1MTYS0041","BILLINGS 1.7 W, MT US","2021-07-09",,,"0.00","0.0",,,,,,,
"US1MTYS0041","BILLINGS 1.7 W, MT US","2021-07-10",,,"0.14",,,,,,,,
"US1MTYS0041","BILLINGS 1.7 W, MT US","2021-07-11",,,"0.00","0.0",,,,,,,
"US1MTYS0041","BILLINGS 1.7 W, MT US","2021-07-12",,,"0.01",,,,,,,,
"US1MTYS0041","BILLINGS 1.7 W, MT US","2021-07-13",,,"0.00","0.0",,,,,,,
"US1MTYS0041","BILLINGS 1.7 W, MT US","2021-07-14",,,"0.16",,,,,,,,
"US1MTYS0041","BILLINGS 1.7 W, MT US","2021-07-15",,,"0.00","0.0",,,,,,,
"US1MTYS0041","BILLINGS 1.7 W, MT US","2021-07-16",,,"0.00","0.0",,,,,,,
"US1MTYS0041","BILLINGS 1.7 W, MT US","2021-07-17",,,"0.00","0.0",,,,,,,
"US1MTYS0041","BILLINGS 1.7 W, MT US","2021-07-18",,,"0.00","0.0",,,,,,,
"US1MTYS0041","BILLINGS 1.7 W, MT US","2021-07-19",,,"0.00","0.0",,,,,,,
"US1MTYS0041","BILLINGS 1.7 W, MT US","2021-07-20",,,"0.00",,,,,,,,
"US1MTYS0041","BILLINGS 1.7 W, MT US","2021-07-21",,,"0.02",,,,,,,,
"US1MTYS0041","BILLINGS 1.7 W, MT US","2021-07-22",,,"0.00",,,,,,,,
"US1MTYS0041","BILLINGS 1.7 W, MT US","2021-07-23",,,"0.00",,,,,,,,
"US1MTYS0041","BILLINGS 1.7 W, MT US","2021-07-24",,,"0.00","0.0",,,,,,,
"US1MTYS0041","BILLINGS 1.7 W, MT US","2021-07-25",,,"0.00","0.0",,,,,,,
"US1MTYS0041","BILLINGS 1.7 W, MT US","2021-07-26",,,"0.00","0.0",,,,,,,
"US1MTYS0041","BILLINGS 1.7 W, MT US","2021-07-27",,,"0.00","0.0",,,,,,,
"US1MTYS0041","BILLINGS 1.7 W, MT US","2021-07-28",,,"0.00","0.0",,,,,,,
"US1MTYS0041","BILLINGS 1.7 W, MT US","2021-07-29",,,"0.00","0.0",,,,,,,
"US1MTYS0041","BILLINGS 1.7 W, MT US","2021-07-30",,,"0.00","0.0",,,,,,,
"US1MTYS0041","BILLINGS 1.7 W, MT US","2021-07-31",,,"0.00","0.0",,,,,,,
"US1MTYS0041","BILLINGS 1.7 W, MT US","2021-08-01",,,"0.00","0.0",,,,,,,
"US1MTYS0041","BILLINGS 1.7 W, MT US","2021-08-02",,,"0.00","0.0",,,,,,,
"US1MTYS0041","BILLINGS 1.7 W, MT US","2021-08-03",,,"0.00",,,,,,,,
"US1MTYS0041","BILLINGS 1.7 W, MT US","2021-08-04",,,"0.51",,,,,,,,
"US1MTYS0041","BILLINGS 1.7 W, MT US","2021-08-05",,,"0.00","0.0",,,,,,,
"US1MTYS0041","BILLINGS 1.7 W, MT US","2021-08-06",,,"0.00",,,,,,,,
"US1MTYS0041","BILLINGS 1.7 W, MT US","2021-08-07",,,"0.00",,,,,,,,
"US1MTYS0041","BILLINGS 1.7 W, MT US","2021-08-08",,,"0.00","0.0",,,,,,,
"US1MTYS0041","BILLINGS 1.7 W, MT US","2021-08-09",,,"0.11",,,,,,,,
"US1MTYS0041","BILLINGS 1.7 W, MT US","2021-08-10",,,"0.00","0.0",,,,,,,
"US1MTYS0041","BILLINGS 1.7 W, MT US","2021-08-11",,,"0.00","0.0",,,,,,,
"US1MTYS0041","BILLINGS 1.7 W, MT US","2021-08-12",,,"0.00","0.0",,,,,,,
"US1MTYS0041","BILLINGS 1.7 W, MT US","2021-08-13",,,"0.00","0.0",,,,,,,
"US1MTYS0041","BILLINGS 1.7 W, MT US","2021-08-14",,,"0.00","0.0",,,,,,,
"US1MTYS0041","BILLINGS 1.7 W, MT US","2021-08-15",,,"0.00","0.0",,,,,,,
"US1MTYS0041","BILLINGS 1.7 W, MT US","2021-08-16",,,"0.00","0.0",,,,,,,
"US1MTYS0041","BILLINGS 1.7 W, MT US","2021-08-17",,,"0.00",,,,,,,,
"US1MTYS0041","BILLINGS 1.7 W, MT US","2021-08-18",,,"0.00",,,,,,,,
"US1MTYS0041","BILLINGS 1.7 W, MT US","2021-08-19",,,"0.58",,,,,,,,
"US1MTYS0041","BILLINGS 1.7 W, MT US","2021-08-20",,,"0.59",,,,,,,,
"US1MTYS0041","BILLINGS 1.7 W, MT US","2021-08-21",,,"0.23",,,,,,,,
"US1MTYS0041","BILLINGS 1.7 W, MT US","2021-08-22",,,"0.03",,,,,,,,
"US1MTYS0041","BILLINGS 1.7 W, MT US","2021-08-23",,,"0.00","0.0",,,,,,,
"US1MTYS0041","BILLINGS 1.7 W, MT US","2021-08-24",,,"0.00","0.0",,,,,,,
"US1MTYS0041","BILLINGS 1.7 W, MT US","2021-08-25",,,"0.00","0.0",,,,,,,
"US1MTYS0041","BILLINGS 1.7 W, MT US","2021-08-26",,,"0.05",,,,,,,,
"US1MTYS0041","BILLINGS 1.7 W, MT US","2021-08-27",,,"0.00","0.0",,,,,,,
"US1MTYS0041","BILLINGS 1.7 W, MT US","2021-08-28",,,"0.14",,,,,,,,
"US1MTYS0041","BILLINGS 1.7 W, MT US","2021-08-29",,,"0.08",,,,,,,,
"US1MTYS0041","BILLINGS 1.7 W, MT US","2021-08-30",,,"0.00","0.0",,,,,,,
"US1MTYS0041","BILLINGS 1.7 W, MT US","2021-08-31",,,"0.00","0.0",,,,,,,
"US1MTYS0041","BILLINGS 1.7 W, MT US","2021-09-01",,,"0.00","0.0",,,,,,,
"US1MTYS0041","BILLINGS 1.7 W, MT US","2021-09-02",,,"0.00","0.0",,,,,,,
"US1MTYS0041","BILLINGS 1.7 W, MT US","2021-09-03",,,"0.02",,,,,,,,
"US1MTYS0041","BILLINGS 1.7 W, MT US","2021-09-04",,,"0.00","0.0",,,,,,,
"US1MTYS0041","BILLINGS 1.7 W, MT US","2021-09-05",,,"0.00","0.0",,,,,,,
"US1MTYS0041","BILLINGS 1.7 W, MT US","2021-09-06",,,"0.00","0.0",,,,,,,
"US1MTYS0041","BILLINGS 1.7 W, MT US","2021-09-07",,,"0.00","0.0",,,,,,,
"US1MTYS0041","BILLINGS 1.7 W, MT US","2021-09-08",,,"0.00","0.0",,,,,,,
"US1MTYS0041","BILLINGS 1.7 W, MT US","2021-09-09",,,"0.00","0.0",,,,,,,
"US1MTYS0041","BILLINGS 1.7 W, MT US","2021-09-10",,,"0.00","0.0",,,,,,,
"US1MTYS0041","BILLINGS 1.7 W, MT US","2021-09-11",,,"0.00","0.0",,,,,,,
"US1MTYS0041","BILLINGS 1.7 W, MT US","2021-09-12",,,"0.00","0.0",,,,,,,
"US1MTYS0041","BILLINGS 1.7 W, MT US","2021-09-13",,,"0.00","0.0",,,,,,,
"US1MTYS0041","BILLINGS 1.7 W, MT US","2021-09-14",,,"0.00","0.0",,,,,,,
"US1MTYS0041","BILLINGS 1.7 W, MT US","2021-09-15",,,"0.00","0.0",,,,,,,
"US1MTYS0041","BILLINGS 1.7 W, MT US","2021-09-16",,,"0.00","0.0",,,,,,,
"US1MTYS0041","BILLINGS 1.7 W, MT US","2021-09-17",,,"0.00",,,,,,,,
"US1MTYS0041","BILLINGS 1.7 W, MT US","2021-09-18",,,"0.00","0.0",,,,,,,
"US1MTYS0041","BILLINGS 1.7 W, MT US","2021-09-19",,,"0.00","0.0",,,,,,,
"US1MTYS0041","BILLINGS 1.7 W, MT US","2021-09-20",,,"0.04",,,,,,,,
"US1MTYS0041","BILLINGS 1.7 W, MT US","2021-09-21",,,"0.05",,,,,,,,
"US1MTYS0041","BILLINGS 1.7 W, MT US","2021-09-22",,,"0.00","0.0",,,,,,,
"US1MTYS0041","BILLINGS 1.7 W, MT US","2021-09-23",,,"0.00","0.0",,,,,,,
"US1MTYS0041","BILLINGS 1.7 W, MT US","2021-09-24",,,"0.00","0.0",,,,,,,
"US1MTYS0041","BILLINGS 1.7 W, MT US","2021-09-25",,,"0.00","0.0",,,,,,,
"US1MTYS0041","BILLINGS 1.7 W, MT US","2021-09-26",,,"0.00","0.0",,,,,,,
"US1MTYS0041","BILLINGS 1.7 W, MT US","2021-09-27",,,"0.00","0.0",,,,,,,
"US1MTYS0041","BILLINGS 1.7 W, MT US","2021-09-28",,,"0.00","0.0",,,,,,,
"US1MTYS0041","BILLINGS 1.7 W, MT US","2021-09-29",,,"0.00",,,,,,,,
"US1MTYS0041","BILLINGS 1.7 W, MT US","2021-09-30",,,"0.00","0.0",,,,,,,
"US1MTYS0041","BILLINGS 1.7 W, MT US","2021-10-01",,,"0.00","0.0",,,,,,,
"US1MTYS0041","BILLINGS 1.7 W, MT US","2021-10-02",,,"0.00","0.0",,,,,,,
"US1MTYS0041","BILLINGS 1.7 W, MT US","2021-10-03",,,"0.00","0.0",,,,,,,
"US1MTYS0041","BILLINGS 1.7 W, MT US","2021-10-04",,,"0.00","0.0",,,,,,,
"US1MTYS0041","BILLINGS 1.7 W, MT US","2021-10-05",,,"0.00","0.0",,,,,,,
"US1MTYS0041","BILLINGS 1.7 W, MT US","2021-10-06",,,"0.00","0.0",,,,,,,
"US1MTYS0041","BILLINGS 1.7 W, MT US","2021-10-07",,,"0.00","0.0",,,,,,,
"US1MTYS0041","BILLINGS 1.7 W, MT US","2021-10-08",,,"0.00",,,,,,,,
"US1MTYS0041","BILLINGS 1.7 W, MT US","2021-10-09",,,"0.13",,,,,,,,
"US1MTYS0041","BILLINGS 1.7 W, MT US","2021-10-10",,,"0.11",,,,,,,,
"US1MTYS0041","BILLINGS 1.7 W, MT US","2021-10-11",,,"0.00","0.0",,,,,,,
"US1MTYS0041","BILLINGS 1.7 W, MT US","2021-10-12",,,"0.63","1.0",,,,,,,"0.6"
"US1MTYS0041","BILLINGS 1.7 W, MT US","2021-10-13",,,"0.21",,,,,,,,
"US1MTYS0041","BILLINGS 1.7 W, MT US","2021-10-14",,,"0.00","0.0",,,,,,,
"US1MTYS0041","BILLINGS 1.7 W, MT US","2021-10-15",,,"0.00",,,,,,,,
"US1MTYS0041","BILLINGS 1.7 W, MT US","2021-10-16",,,"0.00","0.0",,,,,,,
"US1MTYS0041","BILLINGS 1.7 W, MT US","2021-10-17",,,"0.00","0.0",,,,,,,
"US1MTYS0041","BILLINGS 1.7 W, MT US","2021-10-18",,,"0.00","0.0",,,,,,,
"US1MTYS0041","BILLINGS 1.7 W, MT US","2021-10-19",,,"0.00","0.0",,,,,,,
"US1MTYS0041","BILLINGS 1.7 W, MT US","2021-10-20",,,"0.00",,,,,,,,
"US1MTYS0041","BILLINGS 1.7 W, MT US","2021-10-21",,,"0.00","0.0",,,,,,,
"US1MTYS0041","BILLINGS 1.7 W, MT US","2021-10-22",,,"0.00","0.0",,,,,,,
"US1MTYS0041","BILLINGS 1.7 W, MT US","2021-10-23",,,"0.00","0.0",,,,,,,
"US1MTYS0041","BILLINGS 1.7 W, MT US","2021-10-24",,,"0.00","0.0",,,,,,,
"US1MTYS0041","BILLINGS 1.7 W, MT US","2021-10-25",,,"0.00","0.0",,,,,,,
"US1MTYS0041","BILLINGS 1.7 W, MT US","2021-10-26",,,"0.23",,,,,,,,
"US1MTYS0041","BILLINGS 1.7 W, MT US","2021-10-27",,,"0.04",,,,,,,,
"US1MTYS0041","BILLINGS 1.7 W, MT US","2021-10-28",,,"0.00","0.0",,,,,,,
"US1MTYS0041","BILLINGS 1.7 W, MT US","2021-10-29",,,"0.00","0.0",,,,,,,
"US1MTYS0041","BILLINGS 1.7 W, MT US","2021-10-30",,,"0.19",,,,,,,,
"US1MTYS0041","BILLINGS 1.7 W, MT US","2021-10-31",,,"0.04",,,,,,,,
"US1MTYS0041","BILLINGS 1.7 W, MT US","2021-11-01",,,"0.00","0.0",,,,,,,
"US1MTYS0041","BILLINGS 1.7 W, MT US","2021-11-02",,,"0.00","0.0",,,,,,,
"US1MTYS0041","BILLINGS 1.7 W, MT US","2021-11-03",,,"0.00","0.0",,,,,,,
"US1MTYS0041","BILLINGS 1.7 W, MT US","2021-11-04",,,"0.00","0.0",,,,,,,
"US1MTYS0041","BILLINGS 1.7 W, MT US","2021-11-05",,,"0.01",,,,,,,,
"US1MTYS0041","BILLINGS 1.7 W, MT US","2021-11-06",,,"0.00","0.0",,,,,,,
"US1MTYS0041","BILLINGS 1.7 W, MT US","2021-11-07",,,"0.00","0.0",,,,,,,
"US1MTYS0041","BILLINGS 1.7 W, MT US","2021-11-08",,,"0.00",,,,,,,,
"US1MTYS0041","BILLINGS 1.7 W, MT US","2021-11-09",,,"0.00","0.0",,,,,,,
"US1MTYS0041","BILLINGS 1.7 W, MT US","2021-11-10",,,"0.00","0.0",,,,,,,
"US1MTYS0041","BILLINGS 1.7 W, MT US","2021-11-11",,,"0.00","0.0",,,,,,,
"US1MTYS0041","BILLINGS 1.7 W, MT US","2021-11-12",,,"0.00","0.0",,,,,,,
"US1MTYS0041","BILLINGS 1.7 W, MT US","2021-11-13",,,"0.00","0.0",,,,,,,
"US1MTYS0041","BILLINGS 1.7 W, MT US","2021-11-14",,,"0.03",,,,,,,,
"US1MTYS0041","BILLINGS 1.7 W, MT US","2021-11-15",,,"0.00","0.0",,,,,,,
"US1MTYS0041","BILLINGS 1.7 W, MT US","2021-11-16",,,"0.00","0.0",,,,,,,
"US1MTYS0041","BILLINGS 1.7 W, MT US","2021-11-17",,,"0.00","0.0",,,,,,,
"US1MTYS0041","BILLINGS 1.7 W, MT US","2021-11-18",,,"0.00","0.0",,,,,,,
"US1MTYS0041","BILLINGS 1.7 W, MT US","2021-11-19",,,"0.00","0.0",,,,,,,
"US1MTYS0041","BILLINGS 1.7 W, MT US","2021-11-20",,,"0.07",,,,,,,,
"US1MTYS0041","BILLINGS 1.7 W, MT US","2021-11-21",,,"0.00","0.0",,,,,,,
"US1MTYS0041","BILLINGS 1.7 W, MT US","2021-11-22",,,"0.00","0.0",,,,,,,
"US1MTYS0041","BILLINGS 1.7 W, MT US","2021-11-23",,,"0.00","0.0",,,,,,,
"US1MTYS0041","BILLINGS 1.7 W, MT US","2021-11-24",,,"0.04",,,,,,,,
"US1MTYS0041","BILLINGS 1.7 W, MT US","2021-11-25",,,"0.06",,,,,,,,
"US1MTYS0041","BILLINGS 1.7 W, MT US","2021-11-26",,,"0.00","0.0",,,,,,,
"US1MTYS0041","BILLINGS 1.7 W, MT US","2021-11-27",,,"0.00","0.0",,,,,,,
"US1MTYS0041","BILLINGS 1.7 W, MT US","2021-11-28",,,"0.00","0.0",,,,,,,
"US1MTYS0041","BILLINGS 1.7 W, MT US","2021-11-29",,,"0.00","0.0",,,,,,,
"US1MTYS0041","BILLINGS 1.7 W, MT US","2021-11-30",,,"0.11",,,,,,,,
"US1MTYS0041","BILLINGS 1.7 W, MT US","2021-12-01",,,"0.00","0.0",,,,,,,
"US1MTYS0041","BILLINGS 1.7 W, MT US","2021-12-02",,,"0.00","0.0",,,,,,,
"US1MTYS0041","BILLINGS 1.7 W, MT US","2021-12-03",,,"0.04",,,,,,,,
"US1MTYS0041","BILLINGS 1.7 W, MT US","2021-12-05",,,"0.28","4.5","4.5",,,,,,"0.3"
"US1MTYS0028","BILLINGS 4.2 WSW, MT US","2021-01-01",,,"0.00",,,,,,,,
"US1MTYS0028","BILLINGS 4.2 WSW, MT US","2021-01-02",,,"0.00",,,,,,,,
"US1MTYS0028","BILLINGS 4.2 WSW, MT US","2021-01-03",,,"0.00",,,,,,,,
"US1MTYS0028","BILLINGS 4.2 WSW, MT US","2021-01-04",,,"0.00",,,,,,,,
"US1MTYS0028","BILLINGS 4.2 WSW, MT US","2021-01-05",,,"0.00",,,,,,,,
"US1MTYS0028","BILLINGS 4.2 WSW, MT US","2021-01-06",,,"0.00",,,,,,,,
"US1MTYS0028","BILLINGS 4.2 WSW, MT US","2021-01-08",,,"0.17",,,,,,,,
"US1MTYS0028","BILLINGS 4.2 WSW, MT US","2021-01-09",,,"0.01",,,,,,,,
"US1MTYS0028","BILLINGS 4.2 WSW, MT US","2021-01-10",,,"0.00",,,,,,,,
"US1MTYS0028","BILLINGS 4.2 WSW, MT US","2021-01-11",,,"0.00",,,,,,,,
"US1MTYS0028","BILLINGS 4.2 WSW, MT US","2021-01-12",,,"0.00",,,,,,,,
"US1MTYS0028","BILLINGS 4.2 WSW, MT US","2021-01-13",,,"0.00",,,,,,,,
"US1MTYS0028","BILLINGS 4.2 WSW, MT US","2021-01-14",,,"0.00",,,,,,,,
"US1MTYS0028","BILLINGS 4.2 WSW, MT US","2021-01-15",,,"0.00",,,,,,,,
"US1MTYS0028","BILLINGS 4.2 WSW, MT US","2021-01-16",,,"0.00",,,,,,,,
"US1MTYS0028","BILLINGS 4.2 WSW, MT US","2021-01-17",,,"0.00",,,,,,,,
"US1MTYS0028","BILLINGS 4.2 WSW, MT US","2021-01-18",,,"0.00",,,,,,,,
"US1MTYS0028","BILLINGS 4.2 WSW, MT US","2021-01-22",,,"0.00","0.0",,,,,,,"0.0"
"US1MTYS0028","BILLINGS 4.2 WSW, MT US","2021-01-25",,,"0.00","0.0",,,,,,,
"US1MTYS0028","BILLINGS 4.2 WSW, MT US","2021-01-26",,,"0.00","0.0",,,,,,,"0.0"
"US1MTYS0028","BILLINGS 4.2 WSW, MT US","2021-01-27",,,"0.00","0.0",,,,,,,"0.0"
"US1MTYS0028","BILLINGS 4.2 WSW, MT US","2021-01-28",,,"0.00","0.0",,,,,,,
"US1MTYS0028","BILLINGS 4.2 WSW, MT US","2021-01-29",,,"0.00","0.0",,,,,,,
"US1MTYS0028","BILLINGS 4.2 WSW, MT US","2021-01-30",,,"0.01","0.1",,,,,,,"0.0"
"US1MTYS0028","BILLINGS 4.2 WSW, MT US","2021-01-31",,,"0.00","0.0",,,,,,,
"US1MTYS0028","BILLINGS 4.2 WSW, MT US","2021-02-01",,,"0.00","0.0",,,,,,,
"US1MTYS0028","BILLINGS 4.2 WSW, MT US","2021-02-02",,,"0.00","0.0",,,,,,,
"US1MTYS0028","BILLINGS 4.2 WSW, MT US","2021-02-03",,,"0.02","0.0",,,,,,,"0.0"
"US1MTYS0028","BILLINGS 4.2 WSW, MT US","2021-02-04",,,"0.00",,,,,,,,
"US1MTYS0028","BILLINGS 4.2 WSW, MT US","2021-02-05",,,"0.00","0.0",,,,,,,"0.0"
"US1MTYS0028","BILLINGS 4.2 WSW, MT US","2021-02-07","    2",,,,"8.0",,,,,,
"US1MTYS0028","BILLINGS 4.2 WSW, MT US","2021-02-08",,,,"0.0",,,,,,,"0.0"
"US1MTYS0028","BILLINGS 4.2 WSW, MT US","2021-02-10",,,"0.05","1.0",,,,,,,"0.1"
"US1MTYS0028","BILLINGS 4.2 WSW, MT US","2021-02-12",,,"0.04","1.2",,,,,,,"0.0"
"US1MTYS0028","BILLINGS 4.2 WSW, MT US","2021-02-13",,,"0.00","0.0",,,,,,,
"US1MTYS0028","BILLINGS 4.2 WSW, MT US","2021-02-14",,,"0.00","0.0",,,,,,,
"US1MTYS0028","BILLINGS 4.2 WSW, MT US","2021-02-15",,,"0.00","0.0",,,,,,,
"US1MTYS0028","BILLINGS 4.2 WSW, MT US","2021-02-17","    2","0.08",,,"1.0",,,,,"0.1",
"US1MTYS0028","BILLINGS 4.2 WSW, MT US","2021-02-18",,,"0.00","0.0",,,,,,,
"US1MTYS0028","BILLINGS 4.2 WSW, MT US","2021-02-19",,,"0.00","0.0",,,,,,,
"US1MTYS0028","BILLINGS 4.2 WSW, MT US","2021-02-20",,,"0.00","0.0",,,,,,,
"US1MTYS0028","BILLINGS 4.2 WSW, MT US","2021-02-21",,,"0.00","0.0",,,,,,,
"US1MTYS0028","BILLINGS 4.2 WSW, MT US","2021-02-22",,,"0.00","0.0",,,,,,,
"US1MTYS0028","BILLINGS 4.2 WSW, MT US","2021-02-23",,,"0.20",,,,,,,,
"US1MTYS0028","BILLINGS 4.2 WSW, MT US","2021-02-24",,,"0.00","0.0",,,,,,,
"US1MTYS0028","BILLINGS 4.2 WSW, MT US","2021-02-25",,,"0.00",,,,,,,,
"US1MTYS0028","BILLINGS 4.2 WSW, MT US","2021-02-26",,,"0.00","0.0",,,,,,,
"US1MTYS0028","BILLINGS 4.2 WSW, MT US","2021-02-27",,,"0.00","0.0",,,,,,,
"US1MTYS0028","BILLINGS 4.2 WSW, MT US","2021-02-28",,,"0.00","0.0",,,,,,,"0.0"
"US1MTYS0028","BILLINGS 4.2 WSW, MT US","2021-03-01",,,"0.00","0.0",,,,,,,
"US1MTYS0028","BILLINGS 4.2 WSW, MT US","2021-03-02",,,"0.00","0.0",,,,,,,
"US1MTYS0028","BILLINGS 4.2 WSW, MT US","2021-03-03",,,"0.00","0.0",,,,,,,
"US1MTYS0028","BILLINGS 4.2 WSW, MT US","2021-03-04",,,"0.00","0.0",,,,,,,
"US1MTYS0028","BILLINGS 4.2 WSW, MT US","2021-03-05",,,"0.00","0.0",,,,,,,
"US1MTYS0028","BILLINGS 4.2 WSW, MT US","2021-03-10","    5","0.00",,,"0.0",,,,,"0.0",
"US1MTYS0028","BILLINGS 4.2 WSW, MT US","2021-03-11",,,"0.00","0.0",,,,,,,
"US1MTYS0028","BILLINGS 4.2 WSW, MT US","2021-03-12",,,"0.00","0.0",,,,,,,
"US1MTYS0028","BILLINGS 4.2 WSW, MT US","2021-03-13",,,"0.00","0.0",,,,,,,
"US1MTYS0028","BILLINGS 4.2 WSW, MT US","2021-03-14",,,"0.00","0.0",,,,,,,
"US1MTYS0028","BILLINGS 4.2 WSW, MT US","2021-03-15",,,"0.00","0.0",,,,,,,
"US1MTYS0028","BILLINGS 4.2 WSW, MT US","2021-03-16",,,"0.00","0.0",,,,,,,
"US1MTYS0028","BILLINGS 4.2 WSW, MT US","2021-03-17",,,"0.00",,,,,,,,
"US1MTYS0028","BILLINGS 4.2 WSW, MT US","2021-03-18",,,"0.00","0.0",,,,,,,
"US1MTYS0028","BILLINGS 4.2 WSW, MT US","2021-03-19",,,"0.00","0.0",,,,,,,
"US1MTYS0028","BILLINGS 4.2 WSW, MT US","2021-03-20",,,"0.11",,,,,,,,
"US1MTYS0028","BILLINGS 4.2 WSW, MT US","2021-03-21",,,"0.56",,,,,,,,
"US1MTYS0028","BILLINGS 4.2 WSW, MT US","2021-03-22",,,"0.00","0.0",,,,,,,
"US1MTYS0028","BILLINGS 4.2 WSW, MT US","2021-03-23",,,"0.01",,,,,,,,
"US1MTYS0028","BILLINGS 4.2 WSW, MT US","2021-03-24",,,"0.00",,,,,,,,
"US1MTYS0028","BILLINGS 4.2 WSW, MT US","2021-03-25",,,"0.00","0.0",,,,,,,
"US1MTYS0028","BILLINGS 4.2 WSW, MT US","2021-03-26",,,"0.00","0.0",,,,,,,"0.0"
"US1MTYS0028","BILLINGS 4.2 WSW, MT US","2021-03-27",,,"0.00",,,,,,,,
"US1MTYS0028","BILLINGS 4.2 WSW, MT US","2021-03-28",,,"0.00","0.0",,,,,,,
"US1MTYS0028","BILLINGS 4.2 WSW, MT US","2021-03-29",,,"0.00",,,,,,,,
"US1MTYS0028","BILLINGS 4.2 WSW, MT US","2021-03-30",,,"0.00","0.0",,,,,,,
"US1MTYS0028","BILLINGS 4.2 WSW, MT US","2021-03-31",,,"0.00","0.0",,,,,,,
"US1MTYS0028","BILLINGS 4.2 WSW, MT US","2021-04-01",,,"0.00","0.0",,,,,,,
"US1MTYS0028","BILLINGS 4.2 WSW, MT US","2021-04-02",,,"0.00","0.0",,,,,,,
"US1MTYS0028","BILLINGS 4.2 WSW, MT US","2021-04-03",,,"0.00","0.0",,,,,,,
"US1MTYS0028","BILLINGS 4.2 WSW, MT US","2021-04-04",,,"0.00","0.0",,,,,,,
"US1MTYS0028","BILLINGS 4.2 WSW, MT US","2021-04-05",,,"0.00","0.0",,,,,,,
"US1MTYS0028","BILLINGS 4.2 WSW, MT US","2021-04-06",,,"0.00","0.0",,,,,,,
"US1MTYS0028","BILLINGS 4.2 WSW, MT US","2021-04-07",,,"0.10",,,,,,,,
"US1MTYS0028","BILLINGS 4.2 WSW, MT US","2021-04-08",,,"0.06",,,,,,,,
"US1MTYS0028","BILLINGS 4.2 WSW, MT US","2021-04-09",,,"0.00","0.0",,,,,,,
"US1MTYS0028","BILLINGS 4.2 WSW, MT US","2021-04-10",,,"0.00","0.0",,,,,,,
"US1MTYS0028","BILLINGS 4.2 WSW, MT US","2021-04-11",,,"0.08",,,,,,,,
"US1MTYS0028","BILLINGS 4.2 WSW, MT US","2021-04-12",,,"0.00","0.0",,,,,,,"0.0"
"US1MTYS0028","BILLINGS 4.2 WSW, MT US","2021-04-13",,,"0.00",,,,,,,,
"US1MTYS0028","BILLINGS 4.2 WSW, MT US","2021-04-14",,,"0.00",,,,,,,,
"US1MTYS0028","BILLINGS 4.2 WSW, MT US","2021-04-15",,,"0.00",,,,,,,,
"US1MTYS0028","BILLINGS 4.2 WSW, MT US","2021-04-16",,,"0.07",,,,,,,,
"US1MTYS0028","BILLINGS 4.2 WSW, MT US","2021-04-17",,,"0.00","0.0",,,,,,,
"US1MTYS0028","BILLINGS 4.2 WSW, MT US","2021-04-18",,,"0.00","0.0",,,,,,,
"US1MTYS0028","BILLINGS 4.2 WSW, MT US","2021-04-21",,,"0.00","0.0",,,,,,,
"US1MTYS0028","BILLINGS 4.2 WSW, MT US","2021-04-22",,,"0.00","0.0",,,,,,,
"US1MTYS0028","BILLINGS 4.2 WSW, MT US","2021-04-23",,,"0.00",,,,,,,,
"US1MTYS0028","BILLINGS 4.2 WSW, MT US","2021-04-24",,,"0.00","0.0",,,,,,,
"US1MTYS0028","BILLINGS 4.2 WSW, MT US","2021-04-25",,,"0.00",,,,,,,,
"US1MTYS0028","BILLINGS 4.2 WSW, MT US","2021-04-26",,,"0.33",,,,,,,,
"US1MTYS0028","BILLINGS 4.2 WSW, MT US","2021-04-27",,,"0.00","0.0",,,,,,,
"US1MTYS0028","BILLINGS 4.2 WSW, MT US","2021-04-28",,,"0.00","0.0",,,,,,,
"US1MTYS0028","BILLINGS 4.2 WSW, MT US","2021-04-29",,,"0.00","0.0",,,,,,,
"US1MTYS0028","BILLINGS 4.2 WSW, MT US","2021-04-30",,,"0.00","0.0",,,,,,,
"US1MTYS0028","BILLINGS 4.2 WSW, MT US","2021-05-01",,,"0.00","0.0",,,,,,,
"US1MTYS0028","BILLINGS 4.2 WSW, MT US","2021-05-02",,,"0.55",,,,,,,,
"US1MTYS0028","BILLINGS 4.2 WSW, MT US","2021-05-03",,,"0.07",,,,,,,,
"US1MTYS0028","BILLINGS 4.2 WSW, MT US","2021-05-04",,,"0.00","0.0",,,,,,,
"US1MTYS0028","BILLINGS 4.2 WSW, MT US","2021-05-05",,,"0.03",,,,,,,,
"US1MTYS0028","BILLINGS 4.2 WSW, MT US","2021-05-06",,,"0.02",,,,,,,,
"US1MTYS0028","BILLINGS 4.2 WSW, MT US","2021-05-07",,,"0.00","0.0",,,,,,,
"US1MTYS0028","BILLINGS 4.2 WSW, MT US","2021-05-08",,,"0.24",,,,,,,,
"US1MTYS0028","BILLINGS 4.2 WSW, MT US","2021-05-09",,,"0.11",,,,,,,,
"US1MTYS0028","BILLINGS 4.2 WSW, MT US","2021-05-10","    2","0.11","0.00","0.0",,,,,,,
"US1MTYS0028","BILLINGS 4.2 WSW, MT US","2021-05-11",,,"0.00","0.0",,,,,,,
"US1MTYS0028","BILLINGS 4.2 WSW, MT US","2021-05-12",,,"0.00","0.0",,,,,,,
"US1MTYS0028","BILLINGS 4.2 WSW, MT US","2021-05-13",,,"0.00",,,,,,,,
"US1MTYS0028","BILLINGS 4.2 WSW, MT US","2021-05-17","    4","0.09",,,,,,,,,
"US1MTYS0028","BILLINGS 4.2 WSW, MT US","2021-05-18",,,"0.00","0.0",,,,,,,
"US1MTYS0028","BILLINGS 4.2 WSW, MT US","2021-05-19",,,"0.00","0.0",,,,,,,
"US1MTYS0028","BILLINGS 4.2 WSW, MT US","2021-05-20",,,"0.02",,,,,,,,
"US1MTYS0028","BILLINGS 4.2 WSW, MT US","2021-05-21",,,"0.10",,,,,,,,
"US1MTYS0028","BILLINGS 4.2 WSW, MT US","2021-05-22",,,"0.03",,,,,,,,
"US1MTYS0028","BILLINGS 4.2 WSW, MT US","2021-05-23",,,"0.03",,,,,,,,
"US1MTYS0028","BILLINGS 4.2 WSW, MT US","2021-05-24",,,"0.00","0.0",,,,,,,
"US1MTYS0028","BILLINGS 4.2 WSW, MT US","2021-05-25",,,"0.00","0.0",,,,,,,
"US1MTYS0028","BILLINGS 4.2 WSW, MT US","2021-05-26",,,"0.02",,,,,,,,
"US1MTYS0028","BILLINGS 4.2 WSW, MT US","2021-05-27",,,"0.02",,,,,,,,
"US1MTYS0028","BILLINGS 4.2 WSW, MT US","2021-05-28",,,"0.00","0.0",,,,,,,
"US1MTYS0028","BILLINGS 4.2 WSW, MT US","2021-05-29",,,"0.00",,,,,,,,
"US1MTYS0028","BILLINGS 4.2 WSW, MT US","2021-05-30",,,"0.00","0.0",,,,,,,
"US1MTYS0028","BILLINGS 4.2 WSW, MT US","2021-05-31",,,"0.00","0.0",,,,,,,
"US1MTYS0028","BILLINGS 4.2 WSW, MT US","2021-06-01",,,"0.00","0.0",,,,,,,
"US1MTYS0028","BILLINGS 4.2 WSW, MT US","2021-06-02",,,"0.00","0.0",,,,,,,
"US1MTYS0028","BILLINGS 4.2 WSW, MT US","2021-06-03",,,"0.00","0.0",,,,,,,
"US1MTYS0028","BILLINGS 4.2 WSW, MT US","2021-06-04",,,"0.00","0.0",,,,,,,
"US1MTYS0028","BILLINGS 4.2 WSW, MT US","2021-06-05",,,"0.04",,,,,,,,
"US1MTYS0028","BILLINGS 4.2 WSW, MT US","2021-06-06",,,"0.07",,,,,,,,
"US1MTYS0028","BILLINGS 4.2 WSW, MT US","2021-06-07",,,"0.00","0.0",,,,,,,
"US1MTYS0028","BILLINGS 4.2 WSW, MT US","2021-06-08",,,"0.00","0.0",,,,,,,
"US1MTYS0028","BILLINGS 4.2 WSW, MT US","2021-06-09",,,"0.00",,,,,,,,
"US1MTYS0028","BILLINGS 4.2 WSW, MT US","2021-06-14","    5","0.03","0.00","0.0",,,,,,,
"US1MTYS0028","BILLINGS 4.2 WSW, MT US","2021-06-15",,,"0.00","0.0",,,,,,,
"US1MTYS0028","BILLINGS 4.2 WSW, MT US","2021-06-16",,,"0.00","0.0",,,,,,,
"US1MTYS0028","BILLINGS 4.2 WSW, MT US","2021-06-17",,,"0.00","0.0",,,,,,,
"US1MTYS0028","BILLINGS 4.2 WSW, MT US","2021-06-18",,,"0.00","0.0",,,,,,,
"US1MTYS0028","BILLINGS 4.2 WSW, MT US","2021-06-19",,,"0.00","0.0",,,,,,,
"US1MTYS0028","BILLINGS 4.2 WSW, MT US","2021-06-20",,,"0.01",,,,,,,,
"US1MTYS0028","BILLINGS 4.2 WSW, MT US","2021-06-21",,,"0.03",,,,,,,,
"US1MTYS0028","BILLINGS 4.2 WSW, MT US","2021-06-22",,,"0.00","0.0",,,,,,,
"US1MTYS0028","BILLINGS 4.2 WSW, MT US","2021-06-23",,,"0.00",,,,,,,,
"US1MTYS0028","BILLINGS 4.2 WSW, MT US","2021-06-24",,,"0.00",,,,,,,,
"US1MTYS0028","BILLINGS 4.2 WSW, MT US","2021-06-25",,,"0.00","0.0",,,,,,,
"US1MTYS0028","BILLINGS 4.2 WSW, MT US","2021-06-26",,,"0.00",,,,,,,,
"US1MTYS0028","BILLINGS 4.2 WSW, MT US","2021-06-27",,,"0.00","0.0",,,,,,,
"US1MTYS0028","BILLINGS 4.2 WSW, MT US","2021-06-28",,,"0.00","0.0",,,,,,,
"US1MTYS0028","BILLINGS 4.2 WSW, MT US","2021-06-29",,,"0.00","0.0",,,,,,,
"US1MTYS0028","BILLINGS 4.2 WSW, MT US","2021-06-30",,,"0.00","0.0",,,,,,,
"US1MTYS0028","BILLINGS 4.2 WSW, MT US","2021-07-01",,,"0.00","0.0",,,,,,,
"US1MTYS0028","BILLINGS 4.2 WSW, MT US","2021-07-02",,,"0.00","0.0",,,,,,,
"US1MTYS0028","BILLINGS 4.2 WSW, MT US","2021-07-12","   10","0.31",,,,,,,,,
"US1MTYS0028","BILLINGS 4.2 WSW, MT US","2021-07-14",,,"0.03",,,,,,,,
"US1MTYS0028","BILLINGS 4.2 WSW, MT US","2021-07-15",,,"0.00","0.0",,,,,,,
"US1MTYS0028","BILLINGS 4.2 WSW, MT US","2021-07-16",,,"0.00","0.0",,,,,,,
"US1MTYS0028","BILLINGS 4.2 WSW, MT US","2021-07-17",,,"0.00","0.0",,,,,,,
"US1MTYS0028","BILLINGS 4.2 WSW, MT US","2021-07-19",,,"0.00","0.0",,,,,,,
"US1MTYS0028","BILLINGS 4.2 WSW, MT US","2021-07-20",,,"0.00","0.0",,,,,,,
"US1MTYS0028","BILLINGS 4.2 WSW, MT US","2021-07-22",,,"0.00","0.0",,,,,,,
"US1MTYS0028","BILLINGS 4.2 WSW, MT US","2021-07-23",,,"0.00",,,,,,,,
"US1MTYS0028","BILLINGS 4.2 WSW, MT US","2021-07-24",,,"0.00","0.0",,,,,,,
"US1MTYS0028","BILLINGS 4.2 WSW, MT US","2021-07-25",,,"0.00","0.0",,,,,,,
"US1MTYS0028","BILLINGS 4.2 WSW, MT US","2021-07-26",,,"0.00","0.0",,,,,,,
"US1MTYS0028","BILLINGS 4.2 WSW, MT US","2021-07-27",,,"0.00","0.0",,,,,,,
"US1MTYS0028","BILLINGS 4.2 WSW, MT US","2021-07-28",,,"0.00","0.0",,,,,,,
"US1MTYS0028","BILLINGS 4.2 WSW, MT US","2021-07-29",,,"0.00","0.0",,,,,,,
"US1MTYS0028","BILLINGS 4.2 WSW, MT US","2021-07-30",,,"0.00","0.0",,,,,,,
"US1MTYS0028","BILLINGS 4.2 WSW, MT US","2021-08-02",,,"0.00","0.0",,,,,,,
"US1MTYS0028","BILLINGS 4.2 WSW, MT US","2021-08-03",,,"0.00","0.0",,,,,,,
"US1MTYS0028","BILLINGS 4.2 WSW, MT US","2021-08-04",,,"0.23",,,,,,,,
"US1MTYS0028","BILLINGS 4.2 WSW, MT US","2021-08-05",,,"0.02",,,,,,,,
"US1MTYS0028","BILLINGS 4.2 WSW, MT US","2021-08-06",,,"0.00","0.0",,,,,,,
"US1MTYS0028","BILLINGS 4.2 WSW, MT US","2021-08-07",,,"0.00",,,,,,,,
"US1MTYS0028","BILLINGS 4.2 WSW, MT US","2021-08-08",,,"0.00","0.0",,,,,,,
"US1MTYS0028","BILLINGS 4.2 WSW, MT US","2021-08-09",,,"0.05",,,,,,,,
"US1MTYS0028","BILLINGS 4.2 WSW, MT US","2021-08-10",,,"0.00","0.0",,,,,,,
"US1MTYS0028","BILLINGS 4.2 WSW, MT US","2021-08-11",,,"0.00","0.0",,,,,,,
"US1MTYS0028","BILLINGS 4.2 WSW, MT US","2021-08-12",,,"0.00","0.0",,,,,,,
"US1MTYS0028","BILLINGS 4.2 WSW, MT US","2021-08-13",,,"0.00","0.0",,,,,,,
"US1MTYS0028","BILLINGS 4.2 WSW, MT US","2021-08-14",,,"0.00","0.0",,,,,,,
"US1MTYS0028","BILLINGS 4.2 WSW, MT US","2021-08-15",,,"0.00","0.0",,,,,,,
"US1MTYS0028","BILLINGS 4.2 WSW, MT US","2021-08-16",,,"0.00","0.0",,,,,,,
"US1MTYS0028","BILLINGS 4.2 WSW, MT US","2021-08-17",,,"0.00",,,,,,,,
"US1MTYS0028","BILLINGS 4.2 WSW, MT US","2021-08-18",,,"0.45",,,,,,,,
"US1MTYS0028","BILLINGS 4.2 WSW, MT US","2021-08-19",,,"0.00",,,,,,,,
"US1MTYS0028","BILLINGS 4.2 WSW, MT US","2021-08-20",,,"0.55",,,,,,,,
"US1MTYS0028","BILLINGS 4.2 WSW, MT US","2021-08-21",,,"0.30",,,,,,,,
"US1MTYS0028","BILLINGS 4.2 WSW, MT US","2021-08-22",,,"0.04",,,,,,,,
"US1MTYS0028","BILLINGS 4.2 WSW, MT US","2021-08-23",,,"0.00","0.0",,,,,,,
"US1MTYS0028","BILLINGS 4.2 WSW, MT US","2021-08-24",,,"0.00","0.0",,,,,,,
"US1MTYS0028","BILLINGS 4.2 WSW, MT US","2021-08-25",,,"0.00","0.0",,,,,,,
"US1MTYS0028","BILLINGS 4.2 WSW, MT US","2021-08-26",,,"0.01",,,,,,,,
"US1MTYS0028","BILLINGS 4.2 WSW, MT US","2021-08-27",,,"0.00",,,,,,,,
"US1MTYS0028","BILLINGS 4.2 WSW, MT US","2021-08-28",,,"0.10",,,,,,,,
"US1MTYS0028","BILLINGS 4.2 WSW, MT US","2021-08-29",,,"0.00","0.0",,,,,,,
"US1MTYS0028","BILLINGS 4.2 WSW, MT US","2021-08-30",,,"0.00","0.0",,,,,,,
"US1MTYS0028","BILLINGS 4.2 WSW, MT US","2021-08-31",,,"0.00","0.0",,,,,,,
"US1MTYS0028","BILLINGS 4.2 WSW, MT US","2021-09-01",,,"0.00","0.0",,,,,,,
"US1MTYS0028","BILLINGS 4.2 WSW, MT US","2021-09-02",,,"0.00","0.0",,,,,,,
"US1MTYS0028","BILLINGS 4.2 WSW, MT US","2021-09-03",,,"0.01",,,,,,,,
"US1MTYS0028","BILLINGS 4.2 WSW, MT US","2021-09-07","    4",,"0.00","0.0",,,,,,,
"US1MTYS0028","BILLINGS 4.2 WSW, MT US","2021-09-09",,,"0.00","0.0",,,,,,,
"US1MTYS0028","BILLINGS 4.2 WSW, MT US","2021-09-10",,,"0.00","0.0",,,,,,,
"US1MTYS0028","BILLINGS 4.2 WSW, MT US","2021-09-11",,,"0.00",,,,,,,,
"US1MTYS0028","BILLINGS 4.2 WSW, MT US","2021-09-12",,,"0.00","0.0",,,,,,,
"US1MTYS0028","BILLINGS 4.2 WSW, MT US","2021-09-13",,,"0.00","0.0",,,,,,,
"US1MTYS0028","BILLINGS 4.2 WSW, MT US","2021-09-14",,,"0.00","0.0",,,,,,,
"US1MTYS0028","BILLINGS 4.2 WSW, MT US","2021-09-15",,,"0.00","0.0",,,,,,,
"US1MTYS0028","BILLINGS 4.2 WSW, MT US","2021-09-16",,,"0.00",,,,,,,,
"US1MTYS0028","BILLINGS 4.2 WSW, MT US","2021-09-17",,,"0.00","0.0",,,,,,,
"US1MTYS0028","BILLINGS 4.2 WSW, MT US","2021-09-18",,,"0.00","0.0",,,,,,,
"US1MTYS0028","BILLINGS 4.2 WSW, MT US","2021-09-19",,,"0.01",,,,,,,,
"US1MTYS0028","BILLINGS 4.2 WSW, MT US","2021-09-20",,,"0.00",,,,,,,,
"US1MTYS0028","BILLINGS 4.2 WSW, MT US","2021-09-21",,,"0.00","0.0",,,,,,,
"US1MTYS0028","BILLINGS 4.2 WSW, MT US","2021-09-22",,,"0.00","0.0",,,,,,,
"US1MTYS0028","BILLINGS 4.2 WSW, MT US","2021-09-23",,,"0.00","0.0",,,,,,,
"US1MTYS0028","BILLINGS 4.2 WSW, MT US","2021-09-24",,,"0.00","0.0",,,,,,,
"US1MTYS0028","BILLINGS 4.2 WSW, MT US","2021-09-25",,,"0.00","0.0",,,,,,,
"US1MTYS0028","BILLINGS 4.2 WSW, MT US","2021-09-26",,,"0.00","0.0",,,,,,,
"US1MTYS0028","BILLINGS 4.2 WSW, MT US","2021-09-27",,,"0.00","0.0",,,,,,,
"US1MTYS0028","BILLINGS 4.2 WSW, MT US","2021-09-28",,,"0.00","0.0",,,,,,,
"US1MTYS0028","BILLINGS 4.2 WSW, MT US","2021-09-29",,,"0.00","0.0",,,,,,,
"US1MTYS0028","BILLINGS 4.2 WSW, MT US","2021-09-30",,,"0.00","0.0",,,,,,,
"US1MTYS0028","BILLINGS 4.2 WSW, MT US","2021-10-01",,,"0.00","0.0",,,,,,,
"US1MTYS0028","BILLINGS 4.2 WSW, MT US","2021-10-02",,,"0.00","0.0",,,,,,,
"US1MTYS0028","BILLINGS 4.2 WSW, MT US","2021-10-03",,,"0.00","0.0",,,,,,,
"US1MTYS0028","BILLINGS 4.2 WSW, MT US","2021-10-04",,,"0.00","0.0",,,,,,,
"US1MTYS0028","BILLINGS 4.2 WSW, MT US","2021-10-05",,,"0.00","0.0",,,,,,,
"US1MTYS0028","BILLINGS 4.2 WSW, MT US","2021-10-06",,,"0.00","0.0",,,,,,,
"US1MTYS0028","BILLINGS 4.2 WSW, MT US","2021-10-07",,,"0.00","0.0",,,,,,,
"US1MTYS0028","BILLINGS 4.2 WSW, MT US","2021-10-08",,,"0.00",,,,,,,,
"US1MTYS0028","BILLINGS 4.2 WSW, MT US","2021-10-09",,,"0.01",,,,,,,,
"US1MTYS0028","BILLINGS 4.2 WSW, MT US","2021-10-10",,,"0.15",,,,,,,,
"US1MTYS0028","BILLINGS 4.2 WSW, MT US","2021-10-11",,,"0.00","0.0",,,,,,,
"US1MTYS0028","BILLINGS 4.2 WSW, MT US","2021-10-12",,,"0.33","2.0",,,,,,,"0.2"
"US1MTYS0028","BILLINGS 4.2 WSW, MT US","2021-10-13",,,"0.09",,,,,,,,
"US1MTYS0028","BILLINGS 4.2 WSW, MT US","2021-10-14",,,"0.00","0.0",,,,,,,
"US1MTYS0028","BILLINGS 4.2 WSW, MT US","2021-10-15",,,"0.00","0.0",,,,,,,
"US1MTYS0028","BILLINGS 4.2 WSW, MT US","2021-10-16",,,"0.00","0.0",,,,,,,
"US1MTYS0028","BILLINGS 4.2 WSW, MT US","2021-10-17",,,"0.00","0.0",,,,,,,
"US1MTYS0028","BILLINGS 4.2 WSW, MT US","2021-10-18",,,"0.00","0.0",,,,,,,
"US1MTYS0028","BILLINGS 4.2 WSW, MT US","2021-10-19",,,"0.00","0.0",,,,,,,
"US1MTYS0028","BILLINGS 4.2 WSW, MT US","2021-10-20",,,"0.00","0.0",,,,,,,
"US1MTYS0028","BILLINGS 4.2 WSW, MT US","2021-10-21",,,"0.00","0.0",,,,,,,
"US1MTYS0028","BILLINGS 4.2 WSW, MT US","2021-10-22",,,"0.00","0.0",,,,,,,
"US1MTYS0028","BILLINGS 4.2 WSW, MT US","2021-10-23",,,"0.00","0.0",,,,,,,
"US1MTYS0028","BILLINGS 4.2 WSW, MT US","2021-10-24",,,"0.00","0.0",,,,,,,
"US1MTYS0028","BILLINGS 4.2 WSW, MT US","2021-10-25",,,"0.00","0.0",,,,,,,
"US1MTYS0028","BILLINGS 4.2 WSW, MT US","2021-10-26",,,"0.22",,,,,,,,
"US1MTYS0028","BILLINGS 4.2 WSW, MT US","2021-10-27",,,"0.03",,,,,,,,
"US1MTYS0028","BILLINGS 4.2 WSW, MT US","2021-10-28",,,"0.00","0.0",,,,,,,
"US1MTYS0028","BILLINGS 4.2 WSW, MT US","2021-10-29",,,"0.00","0.0",,,,,,,
"US1MTYS0028","BILLINGS 4.2 WSW, MT US","2021-10-30",,,"0.13",,,,,,,,
"US1MTYS0028","BILLINGS 4.2 WSW, MT US","2021-10-31",,,"0.02",,,,,,,,
"US1MTYS0028","BILLINGS 4.2 WSW, MT US","2021-11-01",,,"0.00","0.0",,,,,,,
"US1MTYS0028","BILLINGS 4.2 WSW, MT US","2021-11-02",,,"0.00","0.0",,,,,,,
"US1MTYS0028","BILLINGS 4.2 WSW, MT US","2021-11-03",,,"0.00","0.0",,,,,,,
"US1MTYS0028","BILLINGS 4.2 WSW, MT US","2021-11-04",,,"0.00","0.0",,,,,,,
"US1MTYS0028","BILLINGS 4.2 WSW, MT US","2021-11-05",,,"0.01",,,,,,,,
"US1MTYS0028","BILLINGS 4.2 WSW, MT US","2021-11-07",,,"0.00",,,,,,,,
"US1MTYS0028","BILLINGS 4.2 WSW, MT US","2021-11-08",,,"0.00","0.0",,,,,,,
"US1MTYS0028","BILLINGS 4.2 WSW, MT US","2021-11-09",,,"0.00","0.0",,,,,,,
"US1MTYS0028","BILLINGS 4.2 WSW, MT US","2021-11-10",,,"0.00","0.0",,,,,,,
"US1MTYS0028","BILLINGS 4.2 WSW, MT US","2021-11-11",,,"0.00","0.0",,,,,,,
"US1MTYS0028","BILLINGS 4.2 WSW, MT US","2021-11-12",,,"0.00","0.0",,,,,,,
"US1MTYS0028","BILLINGS 4.2 WSW, MT US","2021-11-14",,,"0.03",,,,,,,,
"US1MTYS0028","BILLINGS 4.2 WSW, MT US","2021-11-15",,,"0.00","0.0",,,,,,,
"US1MTYS0028","BILLINGS 4.2 WSW, MT US","2021-11-16",,,"0.00","0.0",,,,,,,
"US1MTYS0028","BILLINGS 4.2 WSW, MT US","2021-11-17",,,"0.00","0.0",,,,,,,
"US1MTYS0028","BILLINGS 4.2 WSW, MT US","2021-11-18",,,"0.00","0.0",,,,,,,
"US1MTYS0028","BILLINGS 4.2 WSW, MT US","2021-11-19",,,"0.00","0.0",,,,,,,
"US1MTYS0028","BILLINGS 4.2 WSW, MT US","2021-11-20",,,"0.03",,,,,,,,
"US1MTYS0028","BILLINGS 4.2 WSW, MT US","2021-11-21",,,"0.00","0.0",,,,,,,
"US1MTYS0028","BILLINGS 4.2 WSW, MT US","2021-11-22",,,"0.00","0.0",,,,,,,
"US1MTYS0028","BILLINGS 4.2 WSW, MT US","2021-11-23",,,"0.00","0.0",,,,,,,
"US1MTYS0028","BILLINGS 4.2 WSW, MT US","2021-11-24",,,"0.04","1.0",,,,,,,"0.0"
"US1MTYS0028","BILLINGS 4.2 WSW, MT US","2021-11-25",,,"0.00","0.0",,,,,,,
"US1MTYS0028","BILLINGS 4.2 WSW, MT US","2021-11-26",,,"0.00","0.0",,,,,,,
"US1MTYS0028","BILLINGS 4.2 WSW, MT US","2021-11-27",,,"0.00","0.0",,,,,,,
"US1MTYS0028","BILLINGS 4.2 WSW, MT US","2021-11-28",,,"0.00","0.0",,,,,,,
"US1MTYS0028","BILLINGS 4.2 WSW, MT US","2021-11-29",,,"0.00","0.0",,,,,,,
"US1MTYS0028","BILLINGS 4.2 WSW, MT US","2021-11-30",,,"0.07",,,,,,,,
"US1MTYS0028","BILLINGS 4.2 WSW, MT US","2021-12-01",,,"0.00","0.0",,,,,,,
"US1MTYS0028","BILLINGS 4.2 WSW, MT US","2021-12-02",,,"0.00","0.0",,,,,,,
"US1MTYS0028","BILLINGS 4.2 WSW, MT US","2021-12-03",,,"0.03",,,,,,,,
"US1MTYS0028","BILLINGS 4.2 WSW, MT US","2021-12-04",,,"0.00","0.0",,,,,,,
"US1MTYS0028","BILLINGS 4.2 WSW, MT US","2021-12-05",,,"0.21","5.0",,,,,,,"0.2"
"USC00240801","BILLINGS WEATHER FORECAST OFFICE, MT US","2021-01-01",,,"0.00","0.0","0.0",,"47","18","39",,
"USC00240801","BILLINGS WEATHER FORECAST OFFICE, MT US","2021-01-02",,,"0.00","0.0","0.0",,"50","28","29",,
"USC00240801","BILLINGS WEATHER FORECAST OFFICE, MT US","2021-01-03",,,"0.00","0.0","0.0",,"51","27","41",,
"USC00240801","BILLINGS WEATHER FORECAST OFFICE, MT US","2021-01-04",,,"0.00","0.0","0.0",,"52","19","35",,
"USC00240801","BILLINGS WEATHER FORECAST OFFICE, MT US","2021-01-05",,,"0.00","0.0","0.0",,"49","22","22",,
"USC00240801","BILLINGS WEATHER FORECAST OFFICE, MT US","2021-01-06",,,"0.00","0.0","0.0",,"52","18","31",,
"USC00240801","BILLINGS WEATHER FORECAST OFFICE, MT US","2021-01-07",,,"0.14","0.0","0.0",,"41","30","33",,
"USC00240801","BILLINGS WEATHER FORECAST OFFICE, MT US","2021-01-08",,,"0.09","0.1","0.0",,"39","32","33",,
"USC00240801","BILLINGS WEATHER FORECAST OFFICE, MT US","2021-01-09",,,"0.00","0.0","0.0",,"38","23","23",,
"USC00240801","BILLINGS WEATHER FORECAST OFFICE, MT US","2021-01-10",,,"0.00","0.0","0.0",,"44","17","34",,
"USC00240801","BILLINGS WEATHER FORECAST OFFICE, MT US","2021-01-11",,,"0.00","0.0","0.0",,"48","30","39",,
"USC00240801","BILLINGS WEATHER FORECAST OFFICE, MT US","2021-01-12",,,"0.00","0.0","0.0",,"60","35","42",,
"USC00240801","BILLINGS WEATHER FORECAST OFFICE, MT US","2021-01-13",,,"0.00","0.0","0.0",,"66","33","37",,
"USC00240801","BILLINGS WEATHER FORECAST OFFICE, MT US","2021-01-14",,,"0.00","0.0","0.0",,"40","24","24",,
"USC00240801","BILLINGS WEATHER FORECAST OFFICE, MT US","2021-01-15",,,"0.00","0.0","0.0",,"44","17","43",,
"USC00240801","BILLINGS WEATHER FORECAST OFFICE, MT US","2021-01-16",,,"0.00","0.0","0.0",,"46","27","28",,
"USC00240801","BILLINGS WEATHER FORECAST OFFICE, MT US","2021-01-17",,,"0.00","0.0","0.0",,"49","28","38",,
"USC00240801","BILLINGS WEATHER FORECAST OFFICE, MT US","2021-01-18",,,"0.00","0.0","0.0",,"40","32","33",,
"USC00240801","BILLINGS WEATHER FORECAST OFFICE, MT US","2021-01-19",,,"0.00","0.0","0.0",,"43","20","39",,
"USC00240801","BILLINGS WEATHER FORECAST OFFICE, MT US","2021-01-20",,,"0.00","0.0","0.0",,"52","26","26",,
"USC00240801","BILLINGS WEATHER FORECAST OFFICE, MT US","2021-01-21",,,"0.00","0.1","0.0",,"33","20","27",,
"USC00240801","BILLINGS WEATHER FORECAST OFFICE, MT US","2021-01-22",,,"0.00","0.0","0.0",,"33","15","17",,
"USC00240801","BILLINGS WEATHER FORECAST OFFICE, MT US","2021-01-23",,,"0.00","0.0","0.0",,"34","10","12",,
"USC00240801","BILLINGS WEATHER FORECAST OFFICE, MT US","2021-01-24",,,"0.00","0.0","0.0",,"42","9","18",,
"USC00240801","BILLINGS WEATHER FORECAST OFFICE, MT US","2021-01-25",,,"0.00","0.0","0.0",,"23","14","19",,
"USC00240801","BILLINGS WEATHER FORECAST OFFICE, MT US","2021-01-26",,,"0.00","0.0","0.0",,"24","11","11",,
"USC00240801","BILLINGS WEATHER FORECAST OFFICE, MT US","2021-01-27",,,"0.00","0.0","0.0",,"30","10","18",,
"USC00240801","BILLINGS WEATHER FORECAST OFFICE, MT US","2021-01-28",,,"0.00","0.0","0.0",,"47","16","23",,
"USC00240801","BILLINGS WEATHER FORECAST OFFICE, MT US","2021-01-29",,,"0.00","0.0","0.0",,"44","20","35",,
"USC00240801","BILLINGS WEATHER FORECAST OFFICE, MT US","2021-01-30",,,"0.01","0.3","0.0",,"47","22","22",,
"USC00240801","BILLINGS WEATHER FORECAST OFFICE, MT US","2021-01-31",,,"0.00","0.0","0.0",,"53","15","20",,
"USC00240801","BILLINGS WEATHER FORECAST OFFICE, MT US","2021-02-01",,,"0.00","0.0","0.0",,"60","17","38",,
"USC00240801","BILLINGS WEATHER FORECAST OFFICE, MT US","2021-02-02",,,"0.00","0.0","0.0",,"65","30","31",,
"USC00240801","BILLINGS WEATHER FORECAST OFFICE, MT US","2021-02-03",,,"0.00","0.0","0.0",,"43","25","25",,
"USC00240801","BILLINGS WEATHER FORECAST OFFICE, MT US","2021-02-04",,,"0.00","0.0","0.0",,"40","19","34",,
"USC00240801","BILLINGS WEATHER FORECAST OFFICE, MT US","2021-02-05",,,"0.37","4.6","5.0",,"35","8","8",,
"USC00240801","BILLINGS WEATHER FORECAST OFFICE, MT US","2021-02-06",,,"0.22","4.4","9.0",,"8","2","2",,
"USC00240801","BILLINGS WEATHER FORECAST OFFICE, MT US","2021-02-07",,,"0.06","1.0","8.0",,"2","-6","-6",,
"USC00240801","BILLINGS WEATHER FORECAST OFFICE, MT US","2021-02-08",,,"0.04","0.8","8.0",,"0","-9","-5",,
"USC00240801","BILLINGS WEATHER FORECAST OFFICE, MT US","2021-02-09",,,"0.00","0.2","7.0",,"-1","-6","-3",,
"USC00240801","BILLINGS WEATHER FORECAST OFFICE, MT US","2021-02-10",,,"0.03","0.6","7.0",,"1","-10","-10",,
"USC00240801","BILLINGS WEATHER FORECAST OFFICE, MT US","2021-02-11",,,"0.05","0.9","7.0",,"-8","-13","-10",,
"USC00240801","BILLINGS WEATHER FORECAST OFFICE, MT US","2021-02-12",,,"0.00","0.0","7.0",,"-2","-17","-17",,
"USC00240801","BILLINGS WEATHER FORECAST OFFICE, MT US","2021-02-13",,,"0.00","0.0","7.0",,"-3","-27","-11",,
"USC00240801","BILLINGS WEATHER FORECAST OFFICE, MT US","2021-02-14",,,"0.00","0.0","7.0",,"-4","-25","-5",,
"USC00240801","BILLINGS WEATHER FORECAST OFFICE, MT US","2021-02-15",,,"0.00","0.0","6.0",,"11","-5","10",,
"USC00240801","BILLINGS WEATHER FORECAST OFFICE, MT US","2021-02-16",,,"0.06","0.9","8.0",,"24","9","15",,
"USC00240801","BILLINGS WEATHER FORECAST OFFICE, MT US","2021-02-17",,,"0.01","0.1","8.0",,"25","13","15",,
"USC00240801","BILLINGS WEATHER FORECAST OFFICE, MT US","2021-02-18",,,"0.00","0.0","8.0",,"30","0","7",,
"USC00240801","BILLINGS WEATHER FORECAST OFFICE, MT US","2021-02-19",,,"0.00","0.0","7.0",,"41","7","26",,
"USC00240801","BILLINGS WEATHER FORECAST OFFICE, MT US","2021-02-20",,,"0.00","0.0","7.0",,"39","16","24",,
"USC00240801","BILLINGS WEATHER FORECAST OFFICE, MT US","2021-02-21",,,"0.00","0.0","6.0",,"47","18","46",,
"USC00240801","BILLINGS WEATHER FORECAST OFFICE, MT US","2021-02-22",,,"0.00","0.0","0.0",,"55","36","43",,
"USC00240801","BILLINGS WEATHER FORECAST OFFICE, MT US","2021-02-23",,,"0.08","0.0","0.0",,"44","28","28",,
"USC00240801","BILLINGS WEATHER FORECAST OFFICE, MT US","2021-02-24",,,"0.01","0.0","0.0",,"38","19","25",,
"USC00240801","BILLINGS WEATHER FORECAST OFFICE, MT US","2021-02-25",,,"0.00","0.0","0.0",,"45","23","33",,
"USC00240801","BILLINGS WEATHER FORECAST OFFICE, MT US","2021-02-26",,,"0.00","0.0","0.0",,"42","25","30",,
"USC00240801","BILLINGS WEATHER FORECAST OFFICE, MT US","2021-02-27",,,"0.03","0.5","0.0",,"34","17","22",,
"USC00240801","BILLINGS WEATHER FORECAST OFFICE, MT US","2021-02-28",,,"0.00","0.0","0.0",,"43","12","30",,
"USC00240801","BILLINGS WEATHER FORECAST OFFICE, MT US","2021-03-01",,,"0.00","0.0","0.0",,"52","28","40",,
"USC00240801","BILLINGS WEATHER FORECAST OFFICE, MT US","2021-03-02",,,"0.00","0.0","0.0",,"60","31","34",,
"USC00240801","BILLINGS WEATHER FORECAST OFFICE, MT US","2021-03-03",,,"0.00","0.0","0.0",,"62","24","28",,
"USC00240801","BILLINGS WEATHER FORECAST OFFICE, MT US","2021-03-04",,,"0.00","0.0","0.0",,"59","23","30",,
"USC00240801","BILLINGS WEATHER FORECAST OFFICE, MT US","2021-03-05",,,"0.00","0.0","0.0",,"63","27","32",,
"USC00240801","BILLINGS WEATHER FORECAST OFFICE, MT US","2021-03-06",,,"0.00","0.0","0.0",,"65","25","40",,
"USC00240801","BILLINGS WEATHER FORECAST OFFICE, MT US","2021-03-07",,,"0.00","0.0","0.0",,"59","28","33",,
"USC00240801","BILLINGS WEATHER FORECAST OFFICE, MT US","2021-03-08",,,"0.00","0.0","0.0",,"55","26","39",,
"USC00240801","BILLINGS WEATHER FORECAST OFFICE, MT US","2021-03-09",,,"0.00","0.0","0.0",,"50","26","33",,
"USC00240801","BILLINGS WEATHER FORECAST OFFICE, MT US","2021-03-10",,,"0.00","0.0","0.0",,"48","27","28",,
"USC00240801","BILLINGS WEATHER FORECAST OFFICE, MT US","2021-03-11",,,"0.00","0.0","0.0",,"47","24","28",,
"USC00240801","BILLINGS WEATHER FORECAST OFFICE, MT US","2021-03-12",,,"0.00","0.0","0.0",,"57","22","26",,
"USC00240801","BILLINGS WEATHER FORECAST OFFICE, MT US","2021-03-13",,,"0.00","0.0","0.0",,"57","18","35",,
"USC00240801","BILLINGS WEATHER FORECAST OFFICE, MT US","2021-03-14",,,"0.00","0.0","0.0",,"59","31","37",,
"USC00240801","BILLINGS WEATHER FORECAST OFFICE, MT US","2021-03-15",,,"0.00","0.0","0.0",,"50","26","36",,
"USC00240801","BILLINGS WEATHER FORECAST OFFICE, MT US","2021-03-16",,,"0.00","0.0","0.0",,"44","29","30",,
"USC00240801","BILLINGS WEATHER FORECAST OFFICE, MT US","2021-03-17",,,"0.00","0.0","0.0",,"57","21","36",,
"USC00240801","BILLINGS WEATHER FORECAST OFFICE, MT US","2021-03-18",,,"0.00","0.0","0.0",,"67","23","38",,
"USC00240801","BILLINGS WEATHER FORECAST OFFICE, MT US","2021-03-19",,,"0.00","0.0","0.0",,"75","31","52",,
"USC00240801","BILLINGS WEATHER FORECAST OFFICE, MT US","2021-03-20",,,"0.64","0.0","0.0",,"52","34","37",,
"USC00240801","BILLINGS WEATHER FORECAST OFFICE, MT US","2021-03-21",,,"0.00","0.0","0.0",,"54","33","33",,
"USC00240801","BILLINGS WEATHER FORECAST OFFICE, MT US","2021-03-22",,,"0.00","0.0","0.0",,"49","29","34",,
"USC00240801","BILLINGS WEATHER FORECAST OFFICE, MT US","2021-03-23",,,"0.00","0.0","0.0",,"44","27","28",,
"USC00240801","BILLINGS WEATHER FORECAST OFFICE, MT US","2021-03-24",,,"0.00","0.0","0.0",,"51","20","36",,
"USC00240801","BILLINGS WEATHER FORECAST OFFICE, MT US","2021-03-25",,,"0.00","0.0","0.0",,"50","32","37",,
"USC00240801","BILLINGS WEATHER FORECAST OFFICE, MT US","2021-03-26",,,"0.00","0.0","0.0",,"51","32","38",,
"USC00240801","BILLINGS WEATHER FORECAST OFFICE, MT US","2021-03-27",,,"0.00","0.0","0.0",,"58","35","38",,
"USC00240801","BILLINGS WEATHER FORECAST OFFICE, MT US","2021-03-28",,,"0.00","0.0","0.0",,"74","36","60",,
"USC00240801","BILLINGS WEATHER FORECAST OFFICE, MT US","2021-03-29",,,"0.00","0.0","0.0",,"62","26","30",,
"USC00240801","BILLINGS WEATHER FORECAST OFFICE, MT US","2021-03-30",,,"0.00","0.0","0.0",,"40","23","33",,
"USC00240801","BILLINGS WEATHER FORECAST OFFICE, MT US","2021-03-31",,,"0.00","0.0","0.0",,"56","22","35",,
"USC00240801","BILLINGS WEATHER FORECAST OFFICE, MT US","2021-04-01",,,"0.00","0.0","0.0",,"77","27","50",,
"USC00240801","BILLINGS WEATHER FORECAST OFFICE, MT US","2021-04-02",,,"0.00","0.0","0.0",,"76","35","48",,
"USC00240801","BILLINGS WEATHER FORECAST OFFICE, MT US","2021-04-03",,,"0.00","0.0","0.0",,"79","36","50",,
"USC00240801","BILLINGS WEATHER FORECAST OFFICE, MT US","2021-04-04",,,"0.00","0.0","0.0",,"79","38","64",,
"USC00240801","BILLINGS WEATHER FORECAST OFFICE, MT US","2021-04-05",,,"0.00","0.0","0.0",,"64","45","45",,
"USC00240801","BILLINGS WEATHER FORECAST OFFICE, MT US","2021-04-06",,,"0.15","0.0","0.0",,"46","34","36",,
"USC00240801","BILLINGS WEATHER FORECAST OFFICE, MT US","2021-04-07",,,"0.00","0.0","0.0",,"68","30","48",,
"USC00240801","BILLINGS WEATHER FORECAST OFFICE, MT US","2021-04-08",,,"0.08","0.0","0.0",,"69","37","38",,
"USC00240801","BILLINGS WEATHER FORECAST OFFICE, MT US","2021-04-09",,,"0.00","0.0","0.0",,"59","31","40",,
"USC00240801","BILLINGS WEATHER FORECAST OFFICE, MT US","2021-04-10",,,"0.08","0.0","0.0",,"73","33","35",,
"USC00240801","BILLINGS WEATHER FORECAST OFFICE, MT US","2021-04-11",,,"0.00","0.0","0.0",,"47","32","33",,
"USC00240801","BILLINGS WEATHER FORECAST OFFICE, MT US","2021-04-12",,,"0.00","0.0","0.0",,"44","26","32",,
"USC00240801","BILLINGS WEATHER FORECAST OFFICE, MT US","2021-04-13",,,"0.00","0.0","0.0",,"39","28","28",,
"USC00240801","BILLINGS WEATHER FORECAST OFFICE, MT US","2021-04-14",,,"0.00","0.0","0.0",,"37","28","30",,
"USC00240801","BILLINGS WEATHER FORECAST OFFICE, MT US","2021-04-15",,,"0.06","0.0","0.0",,"37","29","34",,
"USC00240801","BILLINGS WEATHER FORECAST OFFICE, MT US","2021-04-16",,,"0.00","0.0","0.0",,"52","33","41",,
"USC00240801","BILLINGS WEATHER FORECAST OFFICE, MT US","2021-04-17",,,"0.00","0.0","0.0",,"65","29","42",,
"USC00240801","BILLINGS WEATHER FORECAST OFFICE, MT US","2021-04-18",,,"0.23","1.7","2.0",,"63","31","31",,
"USC00240801","BILLINGS WEATHER FORECAST OFFICE, MT US","2021-04-19",,,"0.08","1.4","0.0",,"41","27","32",,
"USC00240801","BILLINGS WEATHER FORECAST OFFICE, MT US","2021-04-20",,,"0.00","0.0","0.0",,"45","25","28",,
"USC00240801","BILLINGS WEATHER FORECAST OFFICE, MT US","2021-04-21",,,"0.00","0.0","0.0",,"55","21","32",,
"USC00240801","BILLINGS WEATHER FORECAST OFFICE, MT US","2021-04-22",,,"0.02","0.0","0.0",,"63","25","33",,
"USC00240801","BILLINGS WEATHER FORECAST OFFICE, MT US","2021-04-23",,,"0.08","0.7","0.0",,"41","30","35",,
"USC00240801","BILLINGS WEATHER FORECAST OFFICE, MT US","2021-04-24",,,"0.00","0.0","0.0",,"60","29","45",,
"USC00240801","BILLINGS WEATHER FORECAST OFFICE, MT US","2021-04-25",,,"0.34","0.0","0.0",,"59","36","44",,
"USC00240801","BILLINGS WEATHER FORECAST OFFICE, MT US","2021-04-26",,,"0.06","0.0","0.0",,"55","41","43",,
"USC00240801","BILLINGS WEATHER FORECAST OFFICE, MT US","2021-04-27",,,"0.00","0.0","0.0",,"66","34","45",,
"USC00240801","BILLINGS WEATHER FORECAST OFFICE, MT US","2021-04-28",,,"0.00","0.0","0.0",,"72","36","50",,
"USC00240801","BILLINGS WEATHER FORECAST OFFICE, MT US","2021-04-29",,,"0.00","0.0","0.0",,"79","41","54",,
"USC00240801","BILLINGS WEATHER FORECAST OFFICE, MT US","2021-04-30",,,"0.00","0.0","0.0",,"89","49","58",,
"USC00240801","BILLINGS WEATHER FORECAST OFFICE, MT US","2021-05-01",,,"0.38","0.0","0.0",,"80","48","54",,
"USC00240801","BILLINGS WEATHER FORECAST OFFICE, MT US","2021-05-02",,,"0.35","0.0","0.0",,"54","44","45",,
"USC00240801","BILLINGS WEATHER FORECAST OFFICE, MT US","2021-05-03",,,"0.00","0.0","0.0",,"60","35","46",,
"USC00240801","BILLINGS WEATHER FORECAST OFFICE, MT US","2021-05-04",,,"0.01","0.0","0.0",,"64","40","50",,
"USC00240801","BILLINGS WEATHER FORECAST OFFICE, MT US","2021-05-05",,,"0.01","0.0","0.0",,"64","38","44",,
"USC00240801","BILLINGS WEATHER FORECAST OFFICE, MT US","2021-05-06",,,"0.00","0.0","0.0",,"73","35","54",,
"USC00240801","BILLINGS WEATHER FORECAST OFFICE, MT US","2021-05-07",,,"0.00","0.0","0.0",,"76","43","54",,
"USC00240801","BILLINGS WEATHER FORECAST OFFICE, MT US","2021-05-08",,,"0.28","0.0","0.0",,"55","41","45",,
"USC00240801","BILLINGS WEATHER FORECAST OFFICE, MT US","2021-05-09",,,"0.13","0.0","0.0",,"52","42","42",,
"USC00240801","BILLINGS WEATHER FORECAST OFFICE, MT US","2021-05-10",,,"0.00","0.0","0.0",,"54","39","39",,
"USC00240801","BILLINGS WEATHER FORECAST OFFICE, MT US","2021-05-11",,,"0.01","0.0","0.0",,"62","37","46",,
"USC00240801","BILLINGS WEATHER FORECAST OFFICE, MT US","2021-05-12",,,"0.00","0.0","0.0",,"69","36","52",,
"USC00240801","BILLINGS WEATHER FORECAST OFFICE, MT US","2021-05-13",,,"0.07","0.0","0.0",,"69","45","48",,
"USC00240801","BILLINGS WEATHER FORECAST OFFICE, MT US","2021-05-14",,,"0.01","0.0","0.0",,"73","43","49",,
"USC00240801","BILLINGS WEATHER FORECAST OFFICE, MT US","2021-05-15",,,"0.00","0.0","0.0",,"74","41","51",,
"USC00240801","BILLINGS WEATHER FORECAST OFFICE, MT US","2021-05-16",,,"0.00","0.0","0.0",,"79","42","54",,
"USC00240801","BILLINGS WEATHER FORECAST OFFICE, MT US","2021-05-17",,,"0.00","0.0","0.0",,"85","44","58",,
"USC00240801","BILLINGS WEATHER FORECAST OFFICE, MT US","2021-05-18",,,"0.00","0.0","0.0",,"90","49","63",,
"USC00240801","BILLINGS WEATHER FORECAST OFFICE, MT US","2021-05-19",,,"0.08","0.0","0.0",,"76","51","56",,
"USC00240801","BILLINGS WEATHER FORECAST OFFICE, MT US","2021-05-20",,,"0.10","0.0","0.0",,"58","35","35",,
"USC00240801","BILLINGS WEATHER FORECAST OFFICE, MT US","2021-05-21",,,"0.04","0.0","0.0",,"37","33","33",,
"USC00240801","BILLINGS WEATHER FORECAST OFFICE, MT US","2021-05-22",,,"0.00","0.0","0.0",,"50","33","45",,
"USC00240801","BILLINGS WEATHER FORECAST OFFICE, MT US","2021-05-23",,,"0.06","0.0","0.0",,"68","44","55",,
"USC00240801","BILLINGS WEATHER FORECAST OFFICE, MT US","2021-05-24",,,"0.00","0.0","0.0",,"76","45","55",,
"USC00240801","BILLINGS WEATHER FORECAST OFFICE, MT US","2021-05-25",,,"0.01","0.0","0.0",,"74","47","54",,
"USC00240801","BILLINGS WEATHER FORECAST OFFICE, MT US","2021-05-26",,,"0.01","0.0","0.0",,"58","47","48",,
"USC00240801","BILLINGS WEATHER FORECAST OFFICE, MT US","2021-05-27",,,"0.00","0.0","0.0",,"74","45","58",,
"USC00240801","BILLINGS WEATHER FORECAST OFFICE, MT US","2021-05-28",,,"0.00","0.0","0.0",,"78","47","52",,
"USC00240801","BILLINGS WEATHER FORECAST OFFICE, MT US","2021-05-29",,,"0.00","0.0","0.0",,"72","46","49",,
"USC00240801","BILLINGS WEATHER FORECAST OFFICE, MT US","2021-05-30",,,"0.00","0.0","0.0",,"77","36","57",,
"USC00240801","BILLINGS WEATHER FORECAST OFFICE, MT US","2021-05-31",,,"0.00","0.0","0.0",,"86","41","63",,
"USC00240801","BILLINGS WEATHER FORECAST OFFICE, MT US","2021-06-01",,,"0.00","0.0","0.0",,"86","50","64",,
"USC00240801","BILLINGS WEATHER FORECAST OFFICE, MT US","2021-06-02",,,"0.00","0.0","0.0",,"91","52","67",,
"USC00240801","BILLINGS WEATHER FORECAST OFFICE, MT US","2021-06-03",,,"0.00","0.0","0.0",,"100","55","76",,
"USC00240801","BILLINGS WEATHER FORECAST OFFICE, MT US","2021-06-04",,,"0.04","0.0","0.0",,"100","66","71",,
"USC00240801","BILLINGS WEATHER FORECAST OFFICE, MT US","2021-06-05",,,"0.00","0.0","0.0",,"98","59","69",,
"USC00240801","BILLINGS WEATHER FORECAST OFFICE, MT US","2021-06-06",,,"0.03","0.0","0.0",,"80","54","66",,
"USC00240801","BILLINGS WEATHER FORECAST OFFICE, MT US","2021-06-07",,,"0.00","0.0","0.0",,"84","51","68",,
"USC00240801","BILLINGS WEATHER FORECAST OFFICE, MT US","2021-06-08",,,"0.01","0.0","0.0",,"82","60","61",,
"USC00240801","BILLINGS WEATHER FORECAST OFFICE, MT US","2021-06-09",,,"0.00","0.0","0.0",,"96","51","77",,
"USC00240801","BILLINGS WEATHER FORECAST OFFICE, MT US","2021-06-10",,,"0.06","0.0","0.0",,"92","56","57",,
"USC00240801","BILLINGS WEATHER FORECAST OFFICE, MT US","2021-06-11",,,"0.00","0.0","0.0",,"80","53","58",,
"USC00240801","BILLINGS WEATHER FORECAST OFFICE, MT US","2021-06-12",,,"0.00","0.0","0.0",,"91","44","69",,
"USC00240801","BILLINGS WEATHER FORECAST OFFICE, MT US","2021-06-13",,,"0.00","0.0","0.0",,"96","53","75",,
"USC00240801","BILLINGS WEATHER FORECAST OFFICE, MT US","2021-06-14",,,"0.00","0.0","0.0",,"106","58","84",,
"USC00240801","BILLINGS WEATHER FORECAST OFFICE, MT US","2021-06-15",,,"0.00","0.0","0.0",,"108","62","72",,
"USC00240801","BILLINGS WEATHER FORECAST OFFICE, MT US","2021-06-16",,,"0.00","0.0","0.0",,"90","63","73",,
"USC00240801","BILLINGS WEATHER FORECAST OFFICE, MT US","2021-06-17",,,"0.00","0.0","0.0",,"91","54","65",,
"USC00240801","BILLINGS WEATHER FORECAST OFFICE, MT US","2021-06-18",,,"0.00","0.0","0.0",,"88","51","67",,
"USC00240801","BILLINGS WEATHER FORECAST OFFICE, MT US","2021-06-19",,,"0.00","0.0","0.0",,"92","55","68",,
"USC00240801","BILLINGS WEATHER FORECAST OFFICE, MT US","2021-06-20",,,"0.02","0.0","0.0",,"70","58","58",,
"USC00240801","BILLINGS WEATHER FORECAST OFFICE, MT US","2021-06-21",,,"0.00","0.0","0.0",,"85","49","64",,
"USC00240801","BILLINGS WEATHER FORECAST OFFICE, MT US","2021-06-22",,,"0.00","0.0","0.0",,"98","52","78",,
"USC00240801","BILLINGS WEATHER FORECAST OFFICE, MT US","2021-06-23",,,"0.00","0.0","0.0",,"96","63","77",,
"USC00240801","BILLINGS WEATHER FORECAST OFFICE, MT US","2021-06-24",,,"0.05","0.0","0.0",,"93","58","63",,
"USC00240801","BILLINGS WEATHER FORECAST OFFICE, MT US","2021-06-25",,,"0.04","0.0","0.0",,"81","56","64",,
"USC00240801","BILLINGS WEATHER FORECAST OFFICE, MT US","2021-06-26",,,"0.00","0.0","0.0",,"84","58","70",,
"USC00240801","BILLINGS WEATHER FORECAST OFFICE, MT US","2021-06-27",,,"0.00","0.0","0.0",,"89","66","73",,
"USC00240801","BILLINGS WEATHER FORECAST OFFICE, MT US","2021-06-28",,,"0.00","0.0","0.0",,"89","55","71",,
"USC00240801","BILLINGS WEATHER FORECAST OFFICE, MT US","2021-06-29",,,"0.00","0.0","0.0",,"95","54","73",,
"USC00240801","BILLINGS WEATHER FORECAST OFFICE, MT US","2021-06-30",,,"0.00","0.0","0.0",,"99","56","75",,
"USC00240801","BILLINGS WEATHER FORECAST OFFICE, MT US","2021-07-01",,,"0.00","0.0","0.0",,"103","60","75",,
"USC00240801","BILLINGS WEATHER FORECAST OFFICE, MT US","2021-07-02",,,"0.00","0.0","0.0",,"103","63","79",,
"USC00240801","BILLINGS WEATHER FORECAST OFFICE, MT US","2021-07-03",,,"0.01","0.0","0.0",,"103","70","76",,
"USC00240801","BILLINGS WEATHER FORECAST OFFICE, MT US","2021-07-04",,,"0.00","0.0","0.0",,"98","64","76",,
"USC00240801","BILLINGS WEATHER FORECAST OFFICE, MT US","2021-07-05",,,"0.06","0.0","0.0",,"79","63","63",,
"USC00240801","BILLINGS WEATHER FORECAST OFFICE, MT US","2021-07-06",,,"0.00","0.0","0.0",,"96","56","77",,
"USC00240801","BILLINGS WEATHER FORECAST OFFICE, MT US","2021-07-07",,,"0.02","0.0","0.0",,"98","61","69",,
"USC00240801","BILLINGS WEATHER FORECAST OFFICE, MT US","2021-07-08",,,"0.00","0.0","0.0",,"99","61","74",,
"USC00240801","BILLINGS WEATHER FORECAST OFFICE, MT US","2021-07-09",,,"0.27","0.0","0.0",,"90","58","59",,
"USC00240801","BILLINGS WEATHER FORECAST OFFICE, MT US","2021-07-10",,,"0.00","0.0","0.0",,"93","54","74",,
"USC00240801","BILLINGS WEATHER FORECAST OFFICE, MT US","2021-07-11",,,"0.00","0.0","0.0",,"101","56","76",,
"USC00240801","BILLINGS WEATHER FORECAST OFFICE, MT US","2021-07-12",,,"0.00","0.0","0.0",,"91","60","78",,
"USC00240801","BILLINGS WEATHER FORECAST OFFICE, MT US","2021-07-13",,,"0.01","0.0","0.0",,"86","66","67",,
"USC00240801","BILLINGS WEATHER FORECAST OFFICE, MT US","2021-07-14",,,"0.00","0.0","0.0",,"88","55","69",,
"USC00240801","BILLINGS WEATHER FORECAST OFFICE, MT US","2021-07-15",,,"0.00","0.0","0.0",,"99","55","77",,
"USC00240801","BILLINGS WEATHER FORECAST OFFICE, MT US","2021-07-16",,,"0.00","0.0","0.0",,"99","69","71",,
"USC00240801","BILLINGS WEATHER FORECAST OFFICE, MT US","2021-07-17",,,"0.00","0.0","0.0",,"103","63","71",,
"USC00240801","BILLINGS WEATHER FORECAST OFFICE, MT US","2021-07-18",,,"0.00","0.0","0.0",,"105","60","86",,
"USC00240801","BILLINGS WEATHER FORECAST OFFICE, MT US","2021-07-19",,,"0.00","0.0","0.0",,"111","64","88",,
"USC00240801","BILLINGS WEATHER FORECAST OFFICE, MT US","2021-07-20",,,"0.00","0.0","0.0",,"96","71","71",,
"USC00240801","BILLINGS WEATHER FORECAST OFFICE, MT US","2021-07-21",,,"0.00","0.0","0.0",,"96","64","70",,
"USC00240801","BILLINGS WEATHER FORECAST OFFICE, MT US","2021-07-22",,,"0.00","0.0","0.0",,"98","65","73",,
"USC00240801","BILLINGS WEATHER FORECAST OFFICE, MT US","2021-07-23",,,"0.00","0.0","0.0",,"98","65","73",,
"USC00240801","BILLINGS WEATHER FORECAST OFFICE, MT US","2021-07-24",,,"0.00","0.0","0.0",,"95","54","75",,
"USC00240801","BILLINGS WEATHER FORECAST OFFICE, MT US","2021-07-25",,,"0.00","0.0","0.0",,"101","55","75",,
"USC00240801","BILLINGS WEATHER FORECAST OFFICE, MT US","2021-07-26",,,"0.00","0.0","0.0",,"102","60","82",,
"USC00240801","BILLINGS WEATHER FORECAST OFFICE, MT US","2021-07-27",,,"0.00","0.0","0.0",,"106","61","86",,
"USC00240801","BILLINGS WEATHER FORECAST OFFICE, MT US","2021-07-28",,,"0.00","0.0","0.0",,"90","74","77",,
"USC00240801","BILLINGS WEATHER FORECAST OFFICE, MT US","2021-07-29",,,"0.00","0.0","0.0",,"92","68","77",,
"USC00240801","BILLINGS WEATHER FORECAST OFFICE, MT US","2021-07-30",,,"0.00","0.0","0.0",,"99","66","82",,
"USC00240801","BILLINGS WEATHER FORECAST OFFICE, MT US","2021-07-31",,,"0.00","0.0","0.0",,"99","66","82",,
"USC00240801","BILLINGS WEATHER FORECAST OFFICE, MT US","2021-08-01",,,"0.00","0.0","0.0",,"97","63","77",,
"USC00240801","BILLINGS WEATHER FORECAST OFFICE, MT US","2021-08-02",,,"0.00","0.0","0.0",,"98","62","79",,
"USC00240801","BILLINGS WEATHER FORECAST OFFICE, MT US","2021-08-03",,,"0.75","0.0","0.0",,"82","62","66",,
"USC00240801","BILLINGS WEATHER FORECAST OFFICE, MT US","2021-08-04",,,"0.00","0.0","0.0",,"96","64","74",,
"USC00240801","BILLINGS WEATHER FORECAST OFFICE, MT US","2021-08-05",,,"0.01","0.0","0.0",,"93","61","74",,
"USC00240801","BILLINGS WEATHER FORECAST OFFICE, MT US","2021-08-06",,,"0.00","0.0","0.0",,"90","67","70",,
"USC00240801","BILLINGS WEATHER FORECAST OFFICE, MT US","2021-08-07",,,"0.00","0.0","0.0",,"93","60","69",,
"USC00240801","BILLINGS WEATHER FORECAST OFFICE, MT US","2021-08-08",,,"0.00","0.0","0.0",,"101","60","64",,
"USC00240801","BILLINGS WEATHER FORECAST OFFICE, MT US","2021-08-09",,,"0.09","0.0","0.0",,"81","55","61",,
"USC00240801","BILLINGS WEATHER FORECAST OFFICE, MT US","2021-08-10",,,"0.00","0.0","0.0",,"90","50","71",,
"USC00240801","BILLINGS WEATHER FORECAST OFFICE, MT US","2021-08-11",,,"0.00","0.0","0.0",,"96","56","77",,
"USC00240801","BILLINGS WEATHER FORECAST OFFICE, MT US","2021-08-12",,,"0.00","0.0","0.0",,"85","61","68",,
"USC00240801","BILLINGS WEATHER FORECAST OFFICE, MT US","2021-08-13",,,"0.00","0.0","0.0",,"90","51","71",,
"USC00240801","BILLINGS WEATHER FORECAST OFFICE, MT US","2021-08-14",,,"0.00","0.0","0.0",,"98","54","72",,
"USC00240801","BILLINGS WEATHER FORECAST OFFICE, MT US","2021-08-15",,,"0.00","0.0","0.0",,"97","63","69",,
"USC00240801","BILLINGS WEATHER FORECAST OFFICE, MT US","2021-08-16",,,"0.00","0.0","0.0",,"103","63","84",,
"USC00240801","BILLINGS WEATHER FORECAST OFFICE, MT US","2021-08-17",,,"0.00","0.0","0.0",,"94","63","67",,
"USC00240801","BILLINGS WEATHER FORECAST OFFICE, MT US","2021-08-18",,,"0.49","0.0","0.0",,"67","50","52",,
"USC00240801","BILLINGS WEATHER FORECAST OFFICE, MT US","2021-08-19",,,"0.07","0.0","0.0",,"59","52","56",,
"USC00240801","BILLINGS WEATHER FORECAST OFFICE, MT US","2021-08-20",,,"0.76","0.0","0.0",,"70","54","55",,
"USC00240801","BILLINGS WEATHER FORECAST OFFICE, MT US","2021-08-21",,,"0.00","0.0","0.0",,"78","49","60",,
"USC00240801","BILLINGS WEATHER FORECAST OFFICE, MT US","2021-08-22",,,"0.04","0.0","0.0",,"82","56","58",,
"USC00240801","BILLINGS WEATHER FORECAST OFFICE, MT US","2021-08-23",,,"0.00","0.0","0.0",,"92","48","69",,
"USC00240801","BILLINGS WEATHER FORECAST OFFICE, MT US","2021-08-24",,,"0.00","0.0","0.0",,"76","50","60",,
"USC00240801","BILLINGS WEATHER FORECAST OFFICE, MT US","2021-08-25",,,"0.01","0.0","0.0",,"77","50","67",,
"USC00240801","BILLINGS WEATHER FORECAST OFFICE, MT US","2021-08-26",,,"0.00","0.0","0.0",,"85","57","65",,
"USC00240801","BILLINGS WEATHER FORECAST OFFICE, MT US","2021-08-27",,,"0.01","0.0","0.0",,"78","53","59",,
"USC00240801","BILLINGS WEATHER FORECAST OFFICE, MT US","2021-08-28",,,"0.11","0.0","0.0",,"74","54","57",,
"USC00240801","BILLINGS WEATHER FORECAST OFFICE, MT US","2021-08-29",,,"0.00","0.0","0.0",,"87","46","68",,
"USC00240801","BILLINGS WEATHER FORECAST OFFICE, MT US","2021-08-30",,,"0.00","0.0","0.0",,"92","49","71",,
"USC00240801","BILLINGS WEATHER FORECAST OFFICE, MT US","2021-08-31",,,"0.00","0.0","0.0",,"93","55","70",,
"USC00240801","BILLINGS WEATHER FORECAST OFFICE, MT US","2021-09-01",,,"0.00","0.0","0.0",,"79","50","57",,
"USC00240801","BILLINGS WEATHER FORECAST OFFICE, MT US","2021-09-02",,,"0.00","0.0","0.0",,"76","46","58",,
"USC00240801","BILLINGS WEATHER FORECAST OFFICE, MT US","2021-09-03",,,"0.00","0.0","0.0",,"72","52","56",,
"USC00240801","BILLINGS WEATHER FORECAST OFFICE, MT US","2021-09-04",,,"0.00","0.0","0.0",,"84","44","57",,
"USC00240801","BILLINGS WEATHER FORECAST OFFICE, MT US","2021-09-05",,,"0.00","0.0","0.0",,"93","47","59",,
"USC00240801","BILLINGS WEATHER FORECAST OFFICE, MT US","2021-09-06",,,"0.00","0.0","0.0",,"92","51","71",,
"USC00240801","BILLINGS WEATHER FORECAST OFFICE, MT US","2021-09-07",,,"0.00","0.0","0.0",,"90","49","59",,
"USC00240801","BILLINGS WEATHER FORECAST OFFICE, MT US","2021-09-08",,,"0.00","0.0","0.0",,"89","48","62",,
"USC00240801","BILLINGS WEATHER FORECAST OFFICE, MT US","2021-09-09",,,"0.00","0.0","0.0",,"90","55","73",,
"USC00240801","BILLINGS WEATHER FORECAST OFFICE, MT US","2021-09-10",,,"0.00","0.0","0.0",,"92","55","73",,
"USC00240801","BILLINGS WEATHER FORECAST OFFICE, MT US","2021-09-11",,,"0.00","0.0","0.0",,"83","49","66",,
"USC00240801","BILLINGS WEATHER FORECAST OFFICE, MT US","2021-09-12",,,"0.00","0.0","0.0",,"87","49","68",,
"USC00240801","BILLINGS WEATHER FORECAST OFFICE, MT US","2021-09-13",,,"0.00","0.0","0.0",,"82","51","59",,
"USC00240801","BILLINGS WEATHER FORECAST OFFICE, MT US","2021-09-14",,,"0.00","0.0","0.0",,"80","46","55",,
"USC00240801","BILLINGS WEATHER FORECAST OFFICE, MT US","2021-09-15",,,"0.00","0.0","0.0",,"90","48","66",,
"USC00240801","BILLINGS WEATHER FORECAST OFFICE, MT US","2021-09-16",,,"0.00","0.0","0.0",,"67","43","43",,
"USC00240801","BILLINGS WEATHER FORECAST OFFICE, MT US","2021-09-17",,,"0.00","0.0","0.0",,"82","32","54",,
"USC00240801","BILLINGS WEATHER FORECAST OFFICE, MT US","2021-09-18",,,"0.00","0.0","0.0",,"94","47","72",,
"USC00240801","BILLINGS WEATHER FORECAST OFFICE, MT US","2021-09-19",,,"0.01","0.0","0.0",,"72","51","51",,
"USC00240801","BILLINGS WEATHER FORECAST OFFICE, MT US","2021-09-20",,,"0.01","0.0","0.0",,"64","46","46",,
"USC00240801","BILLINGS WEATHER FORECAST OFFICE, MT US","2021-09-21",,,"0.00","0.0","0.0",,"76","36","53",,
"USC00240801","BILLINGS WEATHER FORECAST OFFICE, MT US","2021-09-22",,,"0.00","0.0","0.0",,"87","43","54",,
"USC00240801","BILLINGS WEATHER FORECAST OFFICE, MT US","2021-09-23",,,"0.00","0.0","0.0",,"78","50","53",,
"USC00240801","BILLINGS WEATHER FORECAST OFFICE, MT US","2021-09-24",,,"0.00","0.0","0.0",,"76","41","51",,
"USC00240801","BILLINGS WEATHER FORECAST OFFICE, MT US","2021-09-25",,,"0.00","0.0","0.0",,"90","44","58",,
"USC00240801","BILLINGS WEATHER FORECAST OFFICE, MT US","2021-09-26",,,"0.00","0.0","0.0",,"92","47","55",,
"USC00240801","BILLINGS WEATHER FORECAST OFFICE, MT US","2021-09-27",,,"0.00","0.0","0.0",,"91","45","57",,
"USC00240801","BILLINGS WEATHER FORECAST OFFICE, MT US","2021-09-28",,,"0.00","0.0","0.0",,"81","45","58",,
"USC00240801","BILLINGS WEATHER FORECAST OFFICE, MT US","2021-09-29",,,"0.00","0.0","0.0",,"65","42","42",,
"USC00240801","BILLINGS WEATHER FORECAST OFFICE, MT US","2021-09-30",,,"0.00","0.0","0.0",,"73","33","42",,
"USC00240801","BILLINGS WEATHER FORECAST OFFICE, MT US","2021-10-01",,,"0.00","0.0","0.0",,"80","34","52",,
"USC00240801","BILLINGS WEATHER FORECAST OFFICE, MT US","2021-10-02",,,"0.00","0.0","0.0",,"80","40","49",,
"USC00240801","BILLINGS WEATHER FORECAST OFFICE, MT US","2021-10-03",,,"0.00","0.0","0.0",,"85","42","50",,
"USC00240801","BILLINGS WEATHER FORECAST OFFICE, MT US","2021-10-04",,,"0.00","0.0","0.0",,"86","39","50",,
"USC00240801","BILLINGS WEATHER FORECAST OFFICE, MT US","2021-10-05",,,"0.00","0.0","0.0",,"91","43","56",,
"USC00240801","BILLINGS WEATHER FORECAST OFFICE, MT US","2021-10-06",,,"0.00","0.0","0.0",,"80","52","67",,
"USC00240801","BILLINGS WEATHER FORECAST OFFICE, MT US","2021-10-07",,,"0.00","0.0","0.0",,"68","48","51",,
"USC00240801","BILLINGS WEATHER FORECAST OFFICE, MT US","2021-10-08",,,"0.00","0.0","0.0",,"61","41","54",,
"USC00240801","BILLINGS WEATHER FORECAST OFFICE, MT US","2021-10-09",,,"0.24","0.0","0.0",,"62","43","43",,
"USC00240801","BILLINGS WEATHER FORECAST OFFICE, MT US","2021-10-10",,,"0.00","0.0","0.0",,"70","36","55",,
"USC00240801","BILLINGS WEATHER FORECAST OFFICE, MT US","2021-10-11",,,"0.45","0.5","0.0",,"55","32","32",,
"USC00240801","BILLINGS WEATHER FORECAST OFFICE, MT US","2021-10-12",,,"0.30","1.2","0.0",,"35","32","33",,
"USC00240801","BILLINGS WEATHER FORECAST OFFICE, MT US","2021-10-13",,,"0.00","0.0","0.0",,"48","33","37",,
"USC00240801","BILLINGS WEATHER FORECAST OFFICE, MT US","2021-10-14",,,"0.00","0.0","0.0",,"49","36","42",,
"USC00240801","BILLINGS WEATHER FORECAST OFFICE, MT US","2021-10-15",,,"0.00","0.0","0.0",,"58","33","41",,
"USC00240801","BILLINGS WEATHER FORECAST OFFICE, MT US","2021-10-16",,,"0.00","0.0","0.0",,"69","41","51",,
"USC00240801","BILLINGS WEATHER FORECAST OFFICE, MT US","2021-10-17",,,"0.00","0.0","0.0",,"77","36","45",,
"USC00240801","BILLINGS WEATHER FORECAST OFFICE, MT US","2021-10-18",,,"0.00","0.0","0.0",,"74","40","51",,
"USC00240801","BILLINGS WEATHER FORECAST OFFICE, MT US","2021-10-19",,,"0.00","0.0","0.0",,"51","38","40",,
"USC00240801","BILLINGS WEATHER FORECAST OFFICE, MT US","2021-10-20",,,"0.00","0.0","0.0",,"55","37","41",,
"USC00240801","BILLINGS WEATHER FORECAST OFFICE, MT US","2021-10-21",,,"0.00","0.0","0.0",,"73","35","42",,
"USC00240801","BILLINGS WEATHER FORECAST OFFICE, MT US","2021-10-22",,,"0.00","0.0","0.0",,"70","33","55",,
"USC00240801","BILLINGS WEATHER FORECAST OFFICE, MT US","2021-10-23",,,"0.00","0.0","0.0",,"62","44","46",,
"USC00240801","BILLINGS WEATHER FORECAST OFFICE, MT US","2021-10-24",,,"0.00","0.0","0.0",,"67","34","53",,
"USC00240801","BILLINGS WEATHER FORECAST OFFICE, MT US","2021-10-25",,,"0.00","0.0","0.0",,"63","41","53",,
"USC00240801","BILLINGS WEATHER FORECAST OFFICE, MT US","2021-10-26",,,"0.27","0.0","0.0",,"55","35","35",,
"USC00240801","BILLINGS WEATHER FORECAST OFFICE, MT US","2021-10-27",,,"0.00","0.0","0.0",,"59","34","41",,
"USC00240801","BILLINGS WEATHER FORECAST OFFICE, MT US","2021-10-28",,,"0.00","0.0","0.0",,"62","30","46",,
"USC00240801","BILLINGS WEATHER FORECAST OFFICE, MT US","2021-10-29",,,"0.00","0.0","0.0",,"75","45","57",,
"USC00240801","BILLINGS WEATHER FORECAST OFFICE, MT US","2021-10-30",,,"0.17","0.0","0.0",,"57","34","35",,
"USC00240801","BILLINGS WEATHER FORECAST OFFICE, MT US","2021-10-31",,,"0.00","0.0","0.0",,"40","29","29",,
"USC00240801","BILLINGS WEATHER FORECAST OFFICE, MT US","2021-11-01",,,"0.00","0.0","0.0",,"43","24","27",,
"USC00240801","BILLINGS WEATHER FORECAST OFFICE, MT US","2021-11-02",,,"0.00","0.0","0.0",,"57","21","38",,
"USC00240801","BILLINGS WEATHER FORECAST OFFICE, MT US","2021-11-03",,,"0.00","0.0","0.0",,"61","29","42",,
"USC00240801","BILLINGS WEATHER FORECAST OFFICE, MT US","2021-11-04",,,"0.00","0.0","0.0",,"74","37","54",,
"USC00240801","BILLINGS WEATHER FORECAST OFFICE, MT US","2021-11-05",,,"0.00","0.0","0.0",,"68","39","46",,
"USC00240801","BILLINGS WEATHER FORECAST OFFICE, MT US","2021-11-06",,,"0.00","0.0","0.0",,"66","34","52",,
"USC00240801","BILLINGS WEATHER FORECAST OFFICE, MT US","2021-11-07",,,"0.00","0.0","0.0",,"52","38","39",,
"USC00240801","BILLINGS WEATHER FORECAST OFFICE, MT US","2021-11-08",,,"0.00","0.0","0.0",,"53","26","27",,
"USC00240801","BILLINGS WEATHER FORECAST OFFICE, MT US","2021-11-09",,,"0.00","0.0","0.0",,"50","20","47",,
"USC00240801","BILLINGS WEATHER FORECAST OFFICE, MT US","2021-11-10",,,"0.00","0.0","0.0",,"50","36","36",,
"USC00240801","BILLINGS WEATHER FORECAST OFFICE, MT US","2021-11-11",,,"0.00","0.0","0.0",,"44","25","35",,
"USC00240801","BILLINGS WEATHER FORECAST OFFICE, MT US","2021-11-12",,,"0.00","0.0","0.0",,"51","26","50",,
"USC00240801","BILLINGS WEATHER FORECAST OFFICE, MT US","2021-11-13",,,"0.00","0.0","0.0",,"63","46","46",,
"USC00240801","BILLINGS WEATHER FORECAST OFFICE, MT US","2021-11-14",,,"0.02","0.0","0.0",,"65","39","61",,
"USC00240801","BILLINGS WEATHER FORECAST OFFICE, MT US","2021-11-15",,,"0.00","0.0","0.0",,"70","51","68",,
"USC00240801","BILLINGS WEATHER FORECAST OFFICE, MT US","2021-11-16",,,"0.00","0.0","0.0",,"69","28","28",,
"USC00240801","BILLINGS WEATHER FORECAST OFFICE, MT US","2021-11-17",,,"0.00","0.0","0.0",,"41","18","18",,
"USC00240801","BILLINGS WEATHER FORECAST OFFICE, MT US","2021-11-18",,,"0.00","0.0","0.0",,"43","12","29",,
"USC00240801","BILLINGS WEATHER FORECAST OFFICE, MT US","2021-11-19",,,"0.00","0.0","0.0",,"56","28","43",,
"USC00240801","BILLINGS WEATHER FORECAST OFFICE, MT US","2021-11-20",,,"0.02","0.0","0.0",,"52","34","41",,
"USC00240801","BILLINGS WEATHER FORECAST OFFICE, MT US","2021-11-21",,,"0.00","0.0","0.0",,"56","27","42",,
"USC00240801","BILLINGS WEATHER FORECAST OFFICE, MT US","2021-11-22",,,"0.00","0.0","0.0",,"66","39","39",,
"USC00240801","BILLINGS WEATHER FORECAST OFFICE, MT US","2021-11-23",,,"0.00","0.0","0.0",,"59","30","36",,
"USC00240801","BILLINGS WEATHER FORECAST OFFICE, MT US","2021-11-24",,,,"1.6","1.0",,"36","19","20",,
"USC00240801","BILLINGS WEATHER FORECAST OFFICE, MT US","2021-11-25",,,"0.00","0.0","0.0",,"53","17","48",,
"USC00240801","BILLINGS WEATHER FORECAST OFFICE, MT US","2021-11-26",,,"0.00","0.0","0.0",,"63","46","46",,
"USC00240801","BILLINGS WEATHER FORECAST OFFICE, MT US","2021-11-27",,,"0.00","0.0","0.0",,"53","32","33",,
"USC00240801","BILLINGS WEATHER FORECAST OFFICE, MT US","2021-11-28",,,"0.00","0.0","0.0",,"62","33","58",,
"USC00240801","BILLINGS WEATHER FORECAST OFFICE, MT US","2021-11-29",,,"0.09","0.0","0.0",,"59","35","35",,
"USC00240801","BILLINGS WEATHER FORECAST OFFICE, MT US","2021-11-30",,,"0.00","0.0","0.0",,"49","35","48",,
"USC00240801","BILLINGS WEATHER FORECAST OFFICE, MT US","2021-12-01",,,"0.00","0.0","0.0",,"67","47","59",,
"USC00240801","BILLINGS WEATHER FORECAST OFFICE, MT US","2021-12-02",,,"0.01","0.0","0.0",,"74","48","49",,
"USC00240801","BILLINGS WEATHER FORECAST OFFICE, MT US","2021-12-03",,,"0.00","0.0","0.0",,"49","31","31",,
"USC00240801","BILLINGS WEATHER FORECAST OFFICE, MT US","2021-12-04",,,"0.00","0.0","0.0",,"51","29","50",,
"USC00240801","BILLINGS WEATHER FORECAST OFFICE, MT US","2021-12-05",,,,"5.0","3.0",,,,"12",,
